"seg_id_nat","year","month","n","experiment","ANN","RGCN","RGCN_ptrn","RNN"
2007,2005,6,30,"d001",3.97962081916543,3.81587817772782,6.12048768391468,4.3320607583313
2007,2005,6,30,"d100",3.3192832437741,2.87459484333778,3.01931234451373,3.13861345482166
2007,2005,7,31,"d001",4.1023265598439,4.00865518393961,7.68573320314927,3.97913219892837
2007,2005,7,31,"d100",3.64041773075891,3.37960028934106,3.1384832809304,3.31279593392933
2007,2005,8,31,"d001",2.23177529931983,2.73302944454359,8.63269919730624,3.03292701493896
2007,2005,8,31,"d100",2.7314399908495,2.25275862423492,2.61060093907321,1.75966424168002
2007,2006,6,30,"d001",7.35533165009861,5.2024911275046,5.14044191128155,4.70685303072188
2007,2006,6,30,"d100",4.05002378801857,3.46693162301348,3.6455044395613,4.65435178845316
2007,2006,7,31,"d001",7.0203331462544,6.85971601288736,2.11413120008006,5.47451108560856
2007,2006,7,31,"d100",5.27417792371011,4.16917025415277,4.83540738288864,6.27380659178566
2007,2006,8,31,"d001",3.47910440667408,2.02659159971168,5.45542577183567,1.89058059646284
2007,2006,8,31,"d100",1.86420922792588,1.58930263983297,1.41569710130615,2.06585809636014
2007,2007,6,30,"d001",6.15604049236074,4.35003396868429,1.61505479365246,2.72380827193248
2007,2007,6,30,"d100",3.36469978726963,2.83599622978511,3.45174923324624,4.18248923474585
2007,2007,7,31,"d001",5.79321090241216,4.6066134476837,6.21161804851862,4.10013301454423
2007,2007,7,31,"d100",3.98729235062258,3.59017314168268,3.90364222684358,4.23322414464702
2007,2007,8,31,"d001",4.61357826124818,3.46263062706125,7.53803708648645,3.31868704149692
2007,2007,8,31,"d100",3.02990531888157,3.38532842877212,2.987503761161,2.76363862995395
2007,2008,6,30,"d001",5.5697272322768,4.50714611862049,3.9419755011493,3.47468596978709
2007,2008,6,30,"d100",3.506202639382,3.42609002035622,3.88653394839695,4.46519229427888
2007,2008,7,31,"d001",5.8542695176247,5.26802336646004,5.49402509980377,4.59078384502115
2007,2008,7,31,"d100",4.44532282896527,3.29078697342685,3.84946370454227,5.12296421848789
2007,2008,8,31,"d001",4.32298115320806,2.58825213923579,6.15918115295268,2.70675828061916
2007,2008,8,31,"d100",2.60095265583382,2.94033912703469,2.59028553394628,2.50271920833584
2007,2009,6,27,"d001",5.89580759572027,2.34257453793635,2.73313771868533,1.56680833389783
2007,2009,6,27,"d100",1.00748529378396,1.55294974401664,1.11149141935762,1.2722250451954
2007,2009,7,31,"d001",3.19911517865448,2.87504037934283,6.31281761760268,2.80806772670639
2007,2009,7,31,"d100",2.1429744001485,2.52194023859669,2.74832251215996,2.38773338506413
2007,2009,8,31,"d001",4.23070735395613,3.53900254473109,3.9177810162152,2.52128510385663
2007,2009,8,31,"d100",2.00897605508209,1.6320367252176,1.59246819079503,2.58973095620938
2007,2010,6,30,"d001",2.4078458867195,1.87361412744078,3.92141234544756,2.03426945391873
2007,2010,6,30,"d100",1.07687717862804,1.07631665932595,1.10956538735275,1.40594862243837
2007,2010,7,31,"d001",2.71224443045195,2.28897170889105,5.61393026620983,1.94899164410755
2007,2010,7,31,"d100",1.84764907886575,1.49774871984399,1.34065755445578,2.2886662517959
2007,2010,8,31,"d001",5.32635905356118,3.18525309813324,2.87467453385796,2.60944552319797
2007,2010,8,31,"d100",3.39780276084862,3.57938499457136,3.23883475909752,3.78565618478239
2007,2011,6,30,"d001",3.65252360057363,2.50826167924404,3.10780199068897,1.82732692212727
2007,2011,6,30,"d100",1.67477236709267,2.05141423554332,1.9718888876018,2.56934777072326
2007,2011,7,31,"d001",4.39121077858574,4.9196685653779,7.84392140950082,5.25463119340744
2007,2011,7,31,"d100",4.6434681817907,4.69760164766955,4.80466246648661,5.06084930895944
2007,2011,8,31,"d001",6.5814560423299,4.63364610554742,4.91171791951092,3.95904660025933
2007,2011,8,31,"d100",3.98580988591472,4.48051812077395,4.2359410275403,4.59954323303995
2007,2012,6,30,"d001",7.15780278413571,3.27659785406148,4.65739770646125,2.78715045929782
2007,2012,6,30,"d100",2.53937131788284,2.15703729798746,2.25351253120424,2.41350111484591
2007,2012,7,28,"d001",2.96438552094064,2.84051811484927,7.52952900322229,3.17285169677973
2007,2012,7,28,"d100",3.00957602818522,2.72168372088544,2.5031169460129,2.55664339014669
2007,2012,8,31,"d001",4.40500248813987,2.76145976824406,4.31029737519651,2.31041898410475
2007,2012,8,31,"d100",3.1406433804723,3.3506016077194,3.09019626827967,3.17690853676075
2007,2013,6,30,"d001",7.54884822203495,5.43136262848566,2.35319296322213,3.4814538186895
2007,2013,6,30,"d100",3.43966623789412,1.9074891526654,2.81022073698871,3.75995676294578
2007,2013,7,31,"d001",7.60549841368868,7.01250033992095,2.07694069959121,5.78886256913439
2007,2013,7,31,"d100",5.1577430157528,4.23337120016731,4.64780889394276,6.12943216568948
2007,2013,8,29,"d001",7.17097694627028,4.23810617931334,2.98350085126628,3.35173633132024
2007,2013,8,29,"d100",3.37274361623467,1.96627086191883,2.12336269902086,2.93008709352339
2007,2014,6,30,"d001",6.712881044328,4.48188146864689,1.6556152823804,2.63239380170172
2007,2014,6,30,"d100",3.45700439562898,2.29669914832826,3.05541865470185,3.88026488717587
2007,2014,7,31,"d001",5.68629863939203,3.750327832374,4.0157957617952,2.96956813525815
2007,2014,7,31,"d100",2.84274644316431,1.9675334342546,2.32751155852428,3.34745421003534
2007,2014,8,31,"d001",3.0054058661626,3.15811035922767,7.62676779740087,3.28918543879365
2007,2014,8,31,"d100",2.55628171278069,3.49455257420561,3.64968955541409,3.1110247386537
2007,2015,6,30,"d001",5.31683151123534,3.01486800871651,3.86027237311448,2.88475647342758
2007,2015,6,30,"d100",2.46046570640213,2.37065480867158,2.13209262733887,2.49102990773861
2007,2015,7,31,"d001",4.81632761359879,3.28050341579186,5.62798967389387,2.95981249070737
2007,2015,7,31,"d100",2.7870394953413,2.71315819325414,2.7036138229882,2.94804107741893
2007,2015,8,24,"d001",2.04234673581691,2.40741903489831,7.70743060114088,2.89729073405527
2007,2015,8,24,"d100",2.41530345703584,3.51373553984995,3.33413553059597,2.04480355417413
2007,2016,6,30,"d001",2.90803197326945,2.86233733784897,5.82037995771807,4.12217395117255
2007,2016,6,30,"d100",2.86942577953296,2.9059542478663,2.67134966125335,2.46198668165685
2007,2016,7,31,"d001",3.44230187106971,3.99346145029949,8.51765937278816,4.30521931741138
2007,2016,7,31,"d100",3.90679120901269,3.64296423225615,3.58613257121744,3.35970742650197
2007,2016,8,31,"d001",2.0774660264507,2.05495709620921,6.59083017511054,2.13962788992023
2007,2016,8,31,"d100",1.74268219780804,1.75929329349566,1.69288549408787,2.21985488617673
2012,2005,6,30,"d001",2.32993133291286,1.65318691964324,1.73547868180615,3.14025949045648
2012,2005,6,30,"d100",1.04497406315185,0.769624191809876,0.527757239050628,1.37548695572499
2012,2005,7,31,"d001",3.73352548475866,0.969783258442157,0.815990174453979,4.82636640108084
2012,2005,7,31,"d100",0.640902925717037,0.490096532895279,0.566271281022514,1.46213670423406
2012,2005,8,31,"d001",3.23540684572756,1.44527020887482,1.66623888996908,4.34533344940208
2012,2005,8,31,"d100",1.33436655730708,1.29058729747247,1.30375162058738,2.09206227834104
2012,2006,6,23,"d001",1.74625753463971,1.83910464841061,1.34120089497381,2.32957399530335
2012,2006,6,23,"d100",0.897602018294193,0.65934737302959,0.89332242692478,1.59774967904878
2012,2006,7,25,"d001",3.23862599128217,0.884710267916986,0.964471389884774,4.39928404489996
2012,2006,7,25,"d100",0.859824988762663,0.639696767594823,0.699066818162383,1.99520482351775
2012,2006,8,31,"d001",2.94300450838363,1.60651917993564,1.60656542299984,4.02339258342636
2012,2006,8,31,"d100",1.34798361374699,1.16354669356938,1.15733789247453,2.0332877321187
2012,2007,6,28,"d001",0.935879169810987,2.6290679403528,1.12886737324402,1.53091125769961
2012,2007,6,28,"d100",1.7471280573104,1.15923488856612,0.987648773415391,2.61664069234157
2012,2007,7,29,"d001",2.10852446781353,1.62992094143418,1.15235908847034,3.22820792798683
2012,2007,7,29,"d100",1.21500915822987,0.921887885437886,1.01512950729523,2.09394651555111
2012,2007,8,31,"d001",2.70648846760663,1.77369308452585,1.2137603238653,3.82471634743379
2012,2007,8,31,"d100",1.1439180509676,1.03127936060254,1.14081014939989,1.76693913092521
2012,2008,6,30,"d001",2.27821627256634,1.77623510738995,2.06461545079656,3.2160704299909
2012,2008,6,30,"d100",0.921580001035357,0.665320050898738,0.730225929799577,1.25262613720465
2012,2008,7,25,"d001",3.43254349239765,1.38227803079006,0.778161168540115,4.55530916826374
2012,2008,7,25,"d100",0.907093950842065,0.761486815194513,0.719267659891303,1.4160809351609
2012,2008,8,31,"d001",1.98532428465181,1.65035347300852,1.69320709004773,3.12720792446459
2012,2008,8,31,"d100",0.821146675961444,0.709583932935509,0.858133144810016,1.30327941223349
2012,2009,6,30,"d001",1.43742282752031,2.93272534569079,1.24248857807559,0.749626912997663
2012,2009,6,30,"d100",1.74179588403964,1.34132825689322,1.02389515073643,1.90346530364617
2012,2009,7,31,"d001",1.07511001984226,2.15106033182365,1.50885001911626,2.37403938540726
2012,2009,7,31,"d100",1.23769304754603,1.01833568293786,0.914093046787731,1.70652865873772
2012,2009,8,31,"d001",2.10462142381699,1.74494955384449,1.64241866585674,3.39302145208047
2012,2009,8,31,"d100",1.01109946994277,0.8933000292776,0.858239401050958,1.72451105391889
2012,2010,6,28,"d001",2.53069469069377,1.68797648629108,2.09606530533765,3.54551575967221
2012,2010,6,28,"d100",1.00605375061247,0.576428444352769,0.455038882071738,1.56876674918038
2012,2010,7,31,"d001",3.87478344921247,1.04817221426976,1.0163831141165,4.99767069616189
2012,2010,7,31,"d100",0.715514796881216,0.678003919993671,0.835865946312203,1.60587033916273
2012,2010,8,31,"d001",2.87780629843027,1.32165996557041,1.25750526886626,4.07412560177745
2012,2010,8,31,"d100",0.918915654989525,0.72821526577757,0.863614556153423,1.56826188355042
2012,2011,6,30,"d001",1.80393562562317,1.91409060867886,1.61623733959392,2.73225434081593
2012,2011,6,30,"d100",1.18677073161389,0.674745939733921,0.398609481603568,1.90395719561736
2012,2011,7,31,"d001",4.16825980900766,1.26090451330785,0.97231755732414,5.29745651050934
2012,2011,7,31,"d100",0.892759909478641,0.829294148367107,0.911874830580544,1.66244626794948
2012,2011,8,31,"d001",3.29224524328759,2.55602662522607,1.36953868879154,3.93027022752669
2012,2011,8,31,"d100",1.22208604996369,1.24315775173767,1.16904997453328,1.70226337853377
2012,2012,6,30,"d001",2.25066821183839,2.101762238208,1.41572553946654,2.72194761914198
2012,2012,6,30,"d100",0.79609921197689,0.544764802077521,0.612614870049669,1.43870202277048
2012,2012,7,31,"d001",3.78780826440315,1.17117887769694,0.996740298056713,4.92561838184496
2012,2012,7,31,"d100",0.962791692503583,1.05544271498909,1.23185941385451,1.86688565875529
2012,2012,8,31,"d001",3.14890563853993,0.981776336075117,1.04203792811831,4.33867227238046
2012,2012,8,31,"d100",0.563286158963533,0.469485552602633,0.636065971747561,1.19812835531013
2012,2013,6,30,"d001",2.27236632166771,2.92584521522523,1.44450708158741,2.38547201322656
2012,2013,6,30,"d100",0.873399988630266,0.61777870661553,0.655936832057993,0.980584311603428
2012,2013,7,31,"d001",3.52832493389204,1.30183545213342,1.10399295204017,4.69058537179185
2012,2013,7,31,"d100",0.581623928646014,0.423058206559463,0.429548927525513,1.0998315059301
2012,2013,8,31,"d001",1.56771614526589,2.49832628807938,1.56179165721237,3.22149393155404
2012,2013,8,31,"d100",0.541365561557222,0.397498405934127,0.39788404334779,0.787249871112676
2012,2014,6,28,"d001",0.979120143397119,2.10139056311659,1.0250151826727,1.70497998209747
2012,2014,6,28,"d100",1.03524369244978,0.583089207470549,0.393785439829175,1.5754485620505
2012,2014,7,29,"d001",2.14337299723186,1.65279772350312,1.24109732613638,3.29799272143854
2012,2014,7,29,"d100",1.05250469771456,0.677529568432437,0.644172714845426,1.90665253841428
2012,2014,8,31,"d001",0.912336411390649,1.40965926722215,2.11192597036199,2.40489984244696
2012,2014,8,31,"d100",1.18427036392595,1.04701954342711,1.11504122753527,1.76299335804645
2012,2015,6,30,"d001",2.21524654365927,2.23948022121188,1.51648321955291,2.92307268781159
2012,2015,6,30,"d100",1.04160805329609,0.51638477706861,0.475206697613952,1.71232891580055
2012,2015,7,31,"d001",2.97902808872832,1.7378118530693,0.801601067052315,4.19648635925533
2012,2015,7,31,"d100",0.492625311699064,0.561910470101612,0.610302168572476,1.01423037445703
2012,2015,8,31,"d001",2.4402921160946,0.898856646180345,1.30624705464955,3.64320851352072
2012,2015,8,31,"d100",0.732141926920038,0.529527346902084,0.56869824447344,1.45677048379996
2012,2016,6,30,"d001",1.85962040158335,1.78757667889488,1.54712749117654,2.79671601664762
2012,2016,6,30,"d100",0.80588450805881,0.400108194346364,0.409710998130919,1.11991451585253
2012,2016,7,31,"d001",3.80103524348507,1.238995388414,0.821175170179631,4.93620699316477
2012,2016,7,31,"d100",0.616912197243981,0.53422420168623,0.721263166880888,1.3547580271131
2012,2016,8,31,"d001",4.13082460779712,1.06822350842061,0.750122291202788,5.28045061495886
2012,2016,8,31,"d100",0.490831295973711,0.390377027322974,0.463895894288799,0.986821390364949
2013,2005,6,30,"d001",2.56224297630191,1.93952302623463,1.64081094151574,2.73959087920492
2013,2005,6,30,"d100",0.824722544573535,0.897523034706904,0.395201815359259,0.650497914697923
2013,2005,7,31,"d001",3.01495635071592,0.998760028790809,0.969154781044321,3.74527378806587
2013,2005,7,31,"d100",0.772458441249311,0.629494824173934,0.622388532611986,0.518682130874856
2013,2005,8,31,"d001",3.08854098256036,1.64288949960441,1.57444240577086,4.04949072366614
2013,2005,8,31,"d100",1.05790078099206,0.842130199735377,0.565200457624007,0.716414486569797
2013,2006,6,30,"d001",2.72141132965331,1.80464348592396,1.34716934242721,2.27872168489791
2013,2006,6,30,"d100",0.814154349957543,0.965810189784977,0.662489280474782,0.577776963499706
2013,2006,7,31,"d001",2.92145908508319,1.16451816695973,0.739578246327177,3.88968824507544
2013,2006,7,31,"d100",0.928692797984861,0.924835135379308,0.453750207678559,0.474189339495994
2013,2006,8,31,"d001",2.87013380489595,1.69878811949296,1.72976310043555,3.70535435912458
2013,2006,8,31,"d100",1.01871261808333,0.693317857621845,0.374016251876812,0.583530674166901
2013,2007,6,30,"d001",1.91288432085337,2.01213186347962,1.37475898985856,2.06111447451241
2013,2007,6,30,"d100",0.943662346552092,0.820099394138686,0.444302008635123,0.552187461578679
2013,2007,7,31,"d001",2.5976876660586,1.70578472205705,1.16265852816112,3.1354723995916
2013,2007,7,31,"d100",0.93384965226629,0.725106997353027,0.574600050739495,0.645462655593627
2013,2007,8,31,"d001",2.85977461253928,1.91181593424582,1.44259625684025,3.40633643019639
2013,2007,8,31,"d100",0.76099450411438,0.632195573300671,0.467183179831673,0.60919635685586
2013,2008,6,30,"d001",2.13907560663397,1.69184590372357,1.72854024405775,2.6649047249371
2013,2008,6,30,"d100",0.925234138018159,0.876774078351118,0.429279784214172,0.736223698091001
2013,2008,7,31,"d001",2.83861216360107,1.17246094058198,0.609945912392874,3.66785075488151
2013,2008,7,31,"d100",1.08097757037057,0.899685462561954,0.36842523934912,0.650525743690079
2013,2008,8,31,"d001",1.91217529638982,2.11487314621531,2.22485328508396,2.39027654497676
2013,2008,8,31,"d100",0.823416983557378,0.483683324001846,0.36363291255342,0.47834369699086
2013,2009,6,30,"d001",3.25848282399293,2.13504486319998,0.76874833267997,1.2780360452248
2013,2009,6,30,"d100",0.665528833864707,0.385725147150415,0.293663988958323,0.451093087538744
2013,2009,7,31,"d001",1.93607122076136,1.80034476506656,1.15395090043355,2.47055905897506
2013,2009,7,31,"d100",0.793619235222713,0.408789266250265,0.659232507412445,0.455036699237199
2013,2009,8,31,"d001",2.56447963139501,1.33505953691078,0.956957141390861,3.57870680374746
2013,2009,8,31,"d100",1.1182438593434,0.794767871025665,0.397868591962139,0.770544907157908
2013,2010,6,27,"d001",2.34084748146951,1.5753736160515,1.98847069718097,2.96980084734574
2013,2010,6,27,"d100",1.03547148473644,1.04616412031041,0.530215806242707,0.668536438509191
2013,2010,7,31,"d001",3.87507745214142,1.82516594697304,1.09819210836316,4.8022971348015
2013,2010,7,31,"d100",1.43526803959713,1.39037902132893,0.554171086420448,0.608243200161444
2013,2010,8,31,"d001",3.02852067485405,1.46544163825463,1.24548096062916,3.89947706576883
2013,2010,8,31,"d100",1.3474627434312,1.036939063221,0.549207508517509,0.496571805601826
2013,2011,6,30,"d001",1.66401856981339,1.79284591523238,1.49589996266985,2.28443018138322
2013,2011,6,30,"d100",0.763531563875691,0.768051837709465,0.429661148968222,0.494000524733632
2013,2011,7,31,"d001",3.96702796708181,1.85967734706912,1.01934999902661,4.95046000227694
2013,2011,7,31,"d100",1.40378227911612,1.28533102283146,0.473166382598143,0.784988179157646
2013,2011,8,31,"d001",3.87874737757211,2.21230152547922,1.39035927765334,3.87007937255358
2013,2011,8,31,"d100",1.47008350937384,1.07560637278898,0.792755390862571,0.685018815980566
2013,2012,6,30,"d001",3.59344358397619,2.11731743850926,1.32764663836034,2.36675163023391
2013,2012,6,30,"d100",1.15558126360264,0.976875484185948,0.663380356002601,0.736457497442954
2013,2012,7,31,"d001",3.85222186895976,1.73052716436081,1.07512772442065,4.765196842459
2013,2012,7,31,"d100",1.39283697442373,1.35342588177172,0.567740385484999,0.800255955633418
2013,2012,8,29,"d001",3.06855258536663,1.39746879265222,1.27141098727195,3.987624016653
2013,2012,8,29,"d100",1.38944696832302,1.02926793405402,0.439322122559867,0.521238870696623
2013,2013,6,30,"d001",3.27429217206725,2.09690752698474,1.55201397510617,2.35103773253808
2013,2013,6,30,"d100",1.05147960596905,1.13764632165811,0.730316348208912,0.536297610458897
2013,2013,7,31,"d001",3.49086540278124,1.7038692858581,1.09004440290359,4.4044567752965
2013,2013,7,31,"d100",1.36293292107317,1.34109431712201,0.723820589161985,0.851255925170943
2013,2013,8,31,"d001",2.24259257145195,2.05511780251378,1.62350492293827,2.96947763989341
2013,2013,8,31,"d100",1.02720985277278,0.557126339942689,0.623638087980658,0.575498758036226
2013,2014,6,30,"d001",1.77067545080676,1.77799188486078,1.27585412621789,2.07106941399288
2013,2014,6,30,"d100",1.27924910763983,0.978289802591247,0.996052628962293,0.776636640284052
2013,2014,7,31,"d001",2.8214065815726,1.67842019970407,0.996889732576586,3.53719750406332
2013,2014,7,31,"d100",1.35864596984251,1.1549261253712,0.851931579969572,0.915847616822578
2013,2014,8,31,"d001",1.74614312113148,1.85800186070427,1.89040274723999,2.52107624526456
2013,2014,8,31,"d100",0.945480927805509,0.429975962861755,0.483840046763249,0.575259972733451
2013,2015,6,30,"d001",3.40006620924439,1.83681164347135,1.70122354130404,2.87691586149186
2013,2015,6,30,"d100",1.31397015553787,1.19787460344538,0.822574828046763,0.964716882693825
2013,2015,7,31,"d001",3.01749719404019,1.82704425136895,0.792513982803027,3.77902321543722
2013,2015,7,31,"d100",1.3181802366734,1.26378749137796,0.855429693997687,1.01253570497997
2013,2015,8,31,"d001",2.43429640433583,1.29758247462672,1.32483531961521,3.3848404164598
2013,2015,8,31,"d100",1.18127991032654,0.854536842751638,0.674409647644132,0.827499207178983
2013,2016,6,30,"d001",2.30339847518826,1.49802121972401,1.39028917566401,2.35528461066329
2013,2016,6,30,"d100",1.25818911213805,0.923260513790034,0.680179271419157,0.944568065701548
2013,2016,7,31,"d001",3.6506392239026,1.88367548287265,0.79332436565141,4.51620801773207
2013,2016,7,31,"d100",1.37971607412533,1.2354580184296,0.627142196510154,0.936500666082642
2013,2016,8,31,"d001",3.81822841887856,1.44408911603733,0.933593267173356,4.77877597176123
2013,2016,8,31,"d100",1.73394994591655,1.36343461066796,0.653704051773324,0.847406205782025
2014,2005,6,30,"d001",2.2180542586335,1.23084880349339,1.77755524610401,3.0564210233819
2014,2005,6,30,"d100",1.36335021278077,0.842234340618336,0.960271395618595,1.06707817672357
2014,2005,7,31,"d001",3.15071568202782,0.82218135380732,0.838279282083425,4.24006727108585
2014,2005,7,31,"d100",1.11694589662552,0.743652144429374,1.17949258353965,1.62590176569312
2014,2005,8,31,"d001",3.5786312559774,0.928004974346276,1.19859509937284,4.67979061044689
2014,2005,8,31,"d100",1.09670608413211,0.843525343253396,1.08658091401147,1.41932578546489
2014,2006,6,25,"d001",2.07268226256148,1.58136341474884,1.59873430134499,2.75729991493053
2014,2006,6,25,"d100",0.70574562446875,0.383498813293618,0.410545133466732,0.841204690438142
2014,2006,7,23,"d001",3.56342268290824,0.754905412505738,0.743178041401827,4.70053672205367
2014,2006,7,23,"d100",0.733302533998654,0.400059686812326,0.752993204937506,1.37675008730977
2014,2006,8,31,"d001",3.58892625169916,1.08575824120361,1.04298362209928,4.69848222149482
2014,2006,8,31,"d100",0.784128950028951,0.409489218620137,0.507349550109932,0.864654462072552
2014,2007,6,30,"d001",1.59358911077622,1.46850431422957,1.39566017245789,2.42835863504338
2014,2007,6,30,"d100",1.16232468953096,0.51070310386244,0.492251708270273,1.27011264007669
2014,2007,7,27,"d001",2.18459011886098,1.59533879828127,1.1445188556232,3.25049819779065
2014,2007,7,27,"d100",1.27150709506444,0.836429903866337,1.04390819894699,1.54753980494896
2014,2007,8,31,"d001",2.5788447508799,1.42921094111297,1.39565219219814,3.64101907696364
2014,2007,8,31,"d100",1.48606346872262,1.0557861116321,1.33161689183148,1.58815231907924
2014,2008,6,30,"d001",2.00272303806036,1.38301994525481,1.77656820287214,2.87856175267807
2014,2008,6,30,"d100",1.28566698985644,0.650668756631954,0.832386946269325,0.992866199214707
2014,2008,7,31,"d001",3.10383397344644,0.748508452038493,0.704071665318173,4.18350067720199
2014,2008,7,31,"d100",0.851485212274969,0.503839370654818,0.67442289260906,1.09168636476542
2014,2008,8,31,"d001",1.95108957755355,1.03715371557663,1.61621962892853,3.06524227899847
2014,2008,8,31,"d100",0.970082513183104,0.615520274023998,0.887144673374052,0.97384512814716
2014,2009,6,30,"d001",0.988311390541527,1.94560204760194,0.840222825558003,0.912826814995323
2014,2009,6,30,"d100",1.72450305492064,1.10239157211683,1.25925172975288,1.367583436238
2014,2009,7,31,"d001",1.37281576615146,1.46436006326221,1.15408918885487,2.52159172031061
2014,2009,7,31,"d100",1.19484193661959,0.794452157310433,0.998119829318867,1.21627274483135
2014,2009,8,31,"d001",2.2829324294974,1.13008989944168,1.31164732349378,3.47977948025938
2014,2009,8,31,"d100",0.747066796266019,0.416455003454395,0.642429972824664,1.28506402263953
2014,2010,6,29,"d001",2.3900235976787,1.21341946923237,1.9976661018484,3.35966624984668
2014,2010,6,29,"d100",1.52447841749641,0.794470913566405,0.945986735877677,1.3352386745534
2014,2010,7,28,"d001",3.85981523165789,0.875359735169023,1.09894311334572,4.97012168814446
2014,2010,7,28,"d100",0.733133629649856,0.532494870014386,0.807365814723434,1.29059097652793
2014,2010,8,31,"d001",3.17934257004488,1.19449090564438,1.01527169073134,4.31783913370447
2014,2010,8,31,"d100",0.909318882490029,0.524681357697748,0.676046363064927,1.01923835596467
2014,2011,6,28,"d001",1.61456348898448,1.35122204896629,1.36242734076744,2.47040292029627
2014,2011,6,28,"d100",1.62757031495793,0.870057655456926,0.940775343670133,1.6718274040634
2014,2011,7,31,"d001",4.34381844121267,1.26955291315737,1.15610468774566,5.44080057602205
2014,2011,7,31,"d100",1.10349776262983,0.61222101953671,0.869127810592655,1.15900393259653
2014,2011,8,29,"d001",3.49532603935375,2.44880360499222,1.03425026435448,3.90199080246815
2014,2011,8,29,"d100",0.72510551648756,0.792868344425875,0.540520661063081,0.971670897281082
2014,2012,6,30,"d001",1.95132990344843,1.80247956427542,1.19296519835861,2.51188985462996
2014,2012,6,30,"d100",1.10266537710791,0.703456812393535,0.750845485756413,1.23682357628524
2014,2012,7,29,"d001",4.17621230339291,0.973372324730564,1.14087616972011,5.29005696161973
2014,2012,7,29,"d100",0.823290273664242,0.608698498208592,0.798718129650461,1.14665963456679
2014,2012,8,29,"d001",3.38245060737131,0.759931794954379,0.945203943231572,4.50395025682056
2014,2012,8,29,"d100",0.573577101146999,0.33499352942197,0.510204845834835,0.717794882209042
2014,2013,6,30,"d001",1.92528482987316,2.17212713961596,1.35151761808422,1.95834736433826
2014,2013,6,30,"d100",1.21547501986818,0.622367862671394,0.742486944680769,1.1087325962532
2014,2013,7,31,"d001",2.68374135939163,0.905996052098855,0.996153186370202,3.79182139995341
2014,2013,7,31,"d100",1.18588960615703,0.92659770226498,1.25702767818564,1.44645681203964
2014,2013,8,30,"d001",1.13381419325593,1.64887915255403,2.15038250217479,2.38161355209711
2014,2013,8,30,"d100",1.34750595670792,0.894443236873904,1.09418825372163,1.25532576049495
2014,2014,6,30,"d001",1.17902487344724,1.27305927740855,0.926635980235543,1.85960689333683
2014,2014,6,30,"d100",1.03947459748012,0.453070980051916,0.492459887112373,0.930352083365281
2014,2014,7,31,"d001",2.2815081143535,1.14121989096712,1.07072816707693,3.38291280869038
2014,2014,7,31,"d100",0.991786800251109,0.49674045992903,0.673074118833516,1.2060824489705
2014,2014,8,31,"d001",1.14788920241361,1.23399470587992,1.90110750711649,2.49589130527499
2014,2014,8,31,"d100",1.22013609309171,0.804223647455831,1.03757488060418,1.26693467221901
2014,2015,6,29,"d001",1.9764087947093,1.75904914959775,1.57323914208409,2.76249892705313
2014,2015,6,29,"d100",1.15948228565173,0.535851688736137,0.624377084305608,1.4126714275276
2014,2015,7,31,"d001",2.37367969195245,1.11664916334461,0.745004892719633,3.48924901530177
2014,2015,7,31,"d100",1.02240144405137,0.5655070925001,0.728035169838074,1.39504531314553
2014,2015,8,31,"d001",2.53962220583758,0.580312904021714,1.15229761552874,3.66659126338327
2014,2015,8,31,"d100",0.897687774465145,0.400715496383392,0.621160045985807,1.10350857111823
2014,2016,6,30,"d001",1.49818754804778,1.5354908714731,1.32295856098016,2.36344352255686
2014,2016,6,30,"d100",1.32706689513348,0.562745767883676,0.692295937238548,0.952916605001307
2014,2016,7,31,"d001",3.63978565786264,0.897640583305844,0.963761362991307,4.73290578551151
2014,2016,7,31,"d100",0.920775398489784,0.598516578253724,0.868058276027163,1.14803361147741
2014,2016,8,31,"d001",4.04696786837554,1.0189078977812,0.755817297285818,5.15761987142723
2014,2016,8,31,"d100",0.658222881380094,0.455138295105785,0.587898587079164,0.799151975126573
2017,2007,8,1,"d001",0.932529067993165,2.08661689758301,4.15991439819336,0.978574371337892
2017,2007,8,1,"d100",0.983153915405275,0.559660339355467,0.346090698242186,0.318998718261717
2019,2005,7,1,"d001",1.8301936340332,0.16169822692871,2.13884628295898,2.83813583374024
2019,2005,7,1,"d100",1.33770645141601,0.999712829589843,0.618191604614257,1.30746925354004
2019,2006,6,1,"d001",3.8736782836914,0.78078453063965,0.369607849121095,0.883812026977537
2019,2006,6,1,"d100",0.589469833374025,0.0816326904296858,0.941240386962889,0.896325988769533
2019,2006,8,1,"d001",0.690397644042967,0.899705505371095,3.05407676696777,1.79748764038086
2019,2006,8,1,"d100",1.08685264587402,0.288907623291017,0.212099456787108,1.02370414733887
2019,2007,7,1,"d001",2.23698524475098,0.128695526123046,1.03460594177246,3.45605567932129
2019,2007,7,1,"d100",2.15577789306641,1.62066741943359,1.7252645111084,2.59376426696777
2019,2008,6,1,"d001",2.21166839599609,4.21101036071777,2.05961265563965,2.13060417175293
2019,2008,6,1,"d100",3.27733650207519,2.79262390136719,2.5726016998291,2.3607048034668
2019,2008,8,1,"d001",1.04370307922363,4.65928840637207,2.38549613952637,0.745616912841797
2019,2008,8,1,"d100",1.40090370178223,1.34370803833008,1.42917442321777,1.99610137939453
2019,2009,7,1,"d001",0.928962707519531,3.82937812805176,2.46895980834961,0.985885620117188
2019,2009,7,1,"d100",1.2044506072998,1.45649909973145,0.544515609741211,1.65067481994629
2019,2009,8,1,"d001",2.67064094543457,2.3875846862793,1.49584197998047,3.14595794677734
2019,2009,8,1,"d100",0.750064849853516,0.800769805908203,0.0436210632324219,0.0640201568603516
2019,2010,6,1,"d001",3.50998115539551,2.96452522277832,1.11832046508789,4.61014556884766
2019,2010,6,1,"d100",0.108848571777344,0.456892013549805,0.541759490966797,0.555391311645508
2019,2010,8,1,"d001",2.35348052978516,0.318579483032227,2.10817031860352,3.52172203063965
2019,2010,8,1,"d100",0.470455932617188,0.215621185302734,0.71255989074707,0.443383026123048
2019,2011,7,1,"d001",4.18126602172851,1.97651023864746,0.0254657745361335,5.30829353332519
2019,2011,7,1,"d100",0.0328701019287116,0.244963836669921,0.098033142089843,0.453127670288087
2019,2012,6,2,"d001",4.34148251049729,2.55590165630278,1.94382633007852,0.284701959934659
2019,2012,6,2,"d100",0.288097292183196,0.0632348982154167,0.377286430261932,0.890571252031811
2019,2012,7,1,"d001",2.25193519592285,0.140286254882813,0.912625122070313,3.31538505554199
2019,2012,7,1,"d100",1.74629669189453,1.07263450622559,1.51664428710938,1.92943458557129
2019,2012,8,2,"d001",2.73219377583742,0.657656415711532,1.61914186764678,3.70510599159673
2019,2012,8,2,"d100",0.475687665849648,0.402309859201201,0.306236847291433,0.64525913754264
2019,2013,7,1,"d001",2.50930519104004,0.128992843627927,1.3449275970459,2.75319213867188
2019,2013,7,1,"d100",0.855036544799802,0.599129486083982,1.98911933898925,1.06441574096679
2019,2014,6,1,"d001",0.575633163452146,0.70070373535156,1.37689674377442,0.420042877197268
2019,2014,6,1,"d100",0.623938674926755,0.424744720458982,0.0632561492919947,0.173760528564451
2019,2014,8,1,"d001",0.722587585449219,1.23832321166992,3.6666088104248,2.41184616088867
2019,2014,8,1,"d100",0.867837905883789,0.69354248046875,0.00736236572265625,1.03694915771484
2019,2015,6,1,"d001",1.52913284301758,2.45915794372559,4.00707054138184,0.295061111450195
2019,2015,6,1,"d100",1.97394371032715,2.35762405395508,3.08654594421387,2.04594421386719
2019,2015,7,1,"d001",0.475981979370118,1.87194892883301,2.46818801879883,1.60002258300781
2019,2015,7,1,"d100",2.52974006652832,2.14546653747558,1.97136947631836,1.98086044311523
2019,2015,8,1,"d001",0.798847961425782,2.36284370422363,3.03358192443848,1.8670166015625
2019,2015,8,1,"d100",0.678828430175781,0.788926315307616,0.228812408447265,1.23073310852051
2019,2016,6,2,"d001",3.01860837237788,4.36148437606443,3.32414313543024,2.8239099955465
2019,2016,6,2,"d100",4.94355130246694,3.99094723730532,4.48975699008084,4.40045159211927
2019,2016,7,1,"d001",1.11525344848633,2.29025459289551,2.94192695617676,2.19602012634277
2019,2016,7,1,"d100",2.13415718078613,2.23698043823242,1.96681022644043,2.55187606811523
2019,2016,8,1,"d001",0.639752731323242,3.35336364746094,3.0402742767334,1.50367866516113
2019,2016,8,1,"d100",0.800057067871094,0.861878051757813,0.730126037597657,1.35163749694824
2020,2005,6,1,"d001",0.429848632812501,4.30858131408691,0.401619949340819,0.70238784790039
2020,2005,6,1,"d100",3.59063621520996,3.06034942626953,3.37222381591797,3.48679061889649
2020,2005,8,1,"d001",4.16874755859375,0.130599365234374,1.12371383666992,5.35263694763184
2020,2005,8,1,"d100",1.08052764892578,1.72139297485352,0.96036277770996,1.78688369750977
2020,2006,6,1,"d001",1.01544982910156,0.432313613891601,1.24497062683105,1.17086250305176
2020,2006,6,1,"d100",3.88130409240723,2.55017311096191,2.51306182861328,3.80363494873047
2020,2006,7,1,"d001",1.99954460144043,1.97113372802735,1.24187614440918,3.06067321777343
2020,2006,7,1,"d100",1.3294425201416,1.61740829467774,1.68180419921875,2.91402008056641
2020,2006,8,1,"d001",4.10473083496094,0.00579048156738082,0.749522933959959,5.2987100982666
2020,2006,8,1,"d100",1.91067291259765,2.48488784790039,2.17852188110351,2.71767784118652
2020,2007,7,1,"d001",1.43480827331543,2.11741874694824,1.65140579223632,2.60607482910157
2020,2007,7,1,"d100",3.70762107849121,3.09623764038086,3.15194557189941,3.83400390625
2020,2007,8,1,"d001",2.54080200195312,1.68592834472656,2.41328239440918,3.72461318969727
2020,2007,8,1,"d100",2.65618324279785,2.45919418334961,2.29151725769043,3.10409927368164
2020,2008,6,1,"d001",2.03960243225098,4.44372001647949,0.940723571777344,1.40262237548828
2020,2008,6,1,"d100",3.72020736694336,2.69466415405273,2.6965104675293,2.74941459655762
2020,2008,7,1,"d001",1.21808883666992,2.87298706054688,1.36970260620117,2.23901245117187
2020,2008,7,1,"d100",2.50263336181641,2.02673843383789,1.8742497253418,2.30945899963379
2020,2008,8,1,"d001",1.55771072387695,2.07261650085449,2.7539900970459,2.69248207092285
2020,2008,8,1,"d100",2.84541122436523,2.1292170715332,1.99450103759765,2.44035140991211
2020,2009,6,1,"d001",2.41097991943359,3.56686561584473,2.76206176757812,1.59642951965332
2020,2009,6,1,"d100",4.04047554016113,1.64272277832031,1.74441116333008,2.98124664306641
2020,2009,7,1,"d001",0.967450637817382,2.34172966003418,2.92147972106934,0.254700164794922
2020,2009,7,1,"d100",3.7082438659668,2.79508926391602,2.21609642028809,3.51501800537109
2020,2009,8,1,"d001",0.78882987976074,3.17045585632324,2.78406707763672,1.97045143127441
2020,2009,8,1,"d100",3.26582328796387,3.20467559814453,3.6946467590332,3.70093338012695
2020,2010,6,1,"d001",0.643597259521485,3.27844940185547,1.96840919494629,1.72504867553711
2020,2010,6,1,"d100",3.8041032409668,2.62060104370117,2.08248268127441,2.92749153137207
2020,2010,7,1,"d001",2.65399803161621,1.3646215057373,0.206319198608398,3.82325424194336
2020,2010,7,1,"d100",2.72989021301269,2.79646812438965,2.58422409057617,1.43918357849121
2020,2011,7,1,"d001",1.8592416381836,1.99418815612793,0.773536529541012,2.99332824707032
2020,2011,7,1,"d100",3.10483726501464,2.55056365966797,2.37169250488281,2.72087463378906
2020,2012,7,1,"d001",3.77391563415527,0.559675827026368,0.509358062744141,4.93156753540039
2020,2012,7,1,"d100",1.53737701416016,2.29389251708984,1.1364485168457,1.79494918823242
2020,2013,7,1,"d001",2.0591911315918,1.76093826293945,2.47968254089356,3.23621597290039
2020,2013,7,1,"d100",3.33868751525879,2.83978042602539,2.38950500488281,3.93562660217285
2020,2013,8,1,"d001",1.05452865600586,1.60827583312988,4.14135307312012,0.450674591064452
2020,2013,8,1,"d100",2.78612274169922,2.98944229125977,2.78918975830078,3.39126342773438
2020,2014,6,1,"d001",2.62903533935547,4.02513252258301,1.00564323425293,2.13906799316406
2020,2014,6,1,"d100",2.37091957092285,2.42925201416016,2.23051582336426,2.96702133178711
2020,2014,7,1,"d001",1.00067657470703,2.7433553314209,0.99138122558594,2.14675086975097
2020,2014,7,1,"d100",4.07327705383301,3.08995109558106,2.80499130249024,4.07931762695313
2020,2014,8,1,"d001",0.201353836059567,1.13303108215332,3.75535125732422,1.59218292236328
2020,2014,8,1,"d100",3.72952575683594,2.95403594970703,2.70776672363282,3.2004825592041
2020,2015,6,1,"d001",1.31293319702149,1.87530113220215,1.59331298828125,2.19249176025391
2020,2015,6,1,"d100",2.27063156127929,0.274404296874998,0.319820175170896,1.73509765625
2020,2015,7,1,"d001",0.218405227661133,1.36434509277344,1.84975006103516,1.68870780944824
2020,2015,7,1,"d100",3.71740486145019,2.83914138793945,2.13240386962891,3.62800933837891
2020,2016,7,1,"d001",0.47871284484863,3.57569999694825,2.25603790283203,1.58949928283691
2020,2016,7,1,"d100",3.14828224182129,2.87195129394532,2.83595962524414,3.42867584228516
2020,2016,8,1,"d001",1.89776832580566,2.09995811462402,2.516181640625,3.06605560302734
2020,2016,8,1,"d100",2.23008125305176,2.16593521118164,2.0750023651123,2.34611862182617
2021,2005,7,2,"d001",3.20152592060183,1.74360555845679,2.07702429520557,4.26661975929779
2021,2005,7,2,"d100",1.03773190692028,0.952618635171942,0.937176536367979,0.914237758039799
2021,2006,6,1,"d001",4.89548885345459,1.4196842956543,0.298542861938476,0.751048202514649
2021,2006,6,1,"d100",1.15685165405273,0.14340103149414,0.745320434570313,0.605017547607421
2021,2006,8,1,"d001",0.0374499511718724,1.12030708312988,4.1500121307373,1.31288230895996
2021,2006,8,1,"d100",0.957747573852537,0.79793273925781,0.757504577636716,0.793303604125974
2021,2007,7,1,"d001",1.97142028808594,0.596187591552734,0.668502807617188,3.30835151672363
2021,2007,7,1,"d100",1.48124504089355,1.47162818908691,1.09985733032227,1.55946731567383
2021,2008,6,1,"d001",1.42776901245117,2.97331649780273,2.44689971923828,1.68137771606445
2021,2008,6,1,"d100",2.20336944580078,2.33737594604492,1.27280075073242,1.37845260620117
2021,2008,8,1,"d001",2.14860301971436,3.8980135345459,3.21710151672363,0.481562194824221
2021,2008,8,1,"d100",1.87173027038574,1.81155342102051,0.692254486083982,1.98201889038086
2021,2009,7,1,"d001",1.74881362915039,3.12722778320312,2.26338005065918,1.31011962890625
2021,2009,7,1,"d100",1.12376976013184,1.1016845703125,0.265695571899414,0.755254745483398
2021,2009,8,1,"d001",2.55695571899414,3.00185356140137,2.11271057128906,2.43733825683594
2021,2009,8,1,"d100",0.305583572387697,0.096315765380858,0.373423004150389,0.328870391845705
2021,2010,6,1,"d001",3.67842445373535,4.2265983581543,1.4223217010498,4.81878051757813
2021,2010,6,1,"d100",1.37596092224121,1.08308944702149,2.51030311584473,0.363172149658205
2021,2010,7,1,"d001",3.17723503112793,1.13029899597168,1.1210132598877,3.98920478820801
2021,2010,7,1,"d100",0.16936912536621,0.258280181884764,0.458979034423827,0.324477767944337
2021,2010,8,1,"d001",1.89396629333496,0.0203784942626939,2.08262672424316,3.2317253112793
2021,2010,8,1,"d100",0.594528579711913,0.0829700469970689,0.9071346282959,0.432930374145506
2021,2011,7,1,"d001",3.92203773498535,2.68294395446777,0.416098937988281,5.1109415435791
2021,2011,7,1,"d100",0.773195877075196,0.464613571166993,1.17356170654297,0.0672842407226568
2021,2012,6,2,"d001",6.06029693407955,1.79286173106699,1.24655335884514,0.606109607737623
2021,2012,6,2,"d100",0.314408364501779,0.202128133597449,1.12660935092292,0.0965118609801402
2021,2012,7,1,"d001",2.80383796691894,1.24321098327637,0.521292877197265,3.93870468139648
2021,2012,7,1,"d100",0.114079284667969,0.0543945312500007,0.347014617919921,0.117550659179688
2021,2012,8,2,"d001",2.59625452375191,0.977119483363439,1.880210555565,3.6918219491156
2021,2012,8,2,"d100",0.21234108327985,0.357777496827552,0.900635166055547,0.125754174120489
2021,2013,6,2,"d001",7.32894772003545,3.67714056074854,1.23598178891656,0.903508093810815
2021,2013,6,2,"d100",1.34695580678753,0.843449535726142,0.210748592500394,1.02356835977333
2021,2013,7,3,"d001",3.12949932463769,1.18067291529152,2.3542511844248,3.30364133134437
2021,2013,7,3,"d100",0.956792672549963,1.15740593001032,1.81563885024318,0.916374218270349
2021,2013,8,1,"d001",0.977489852905272,1.7308536529541,3.3630558013916,1.82408180236816
2021,2013,8,1,"d100",0.591964340209962,0.914645767211915,0.0289073944091811,0.641976928710939
2021,2014,6,2,"d001",0.397060389636373,2.75973903011775,1.425689970948,1.21855913096196
2021,2014,6,2,"d100",0.959067382113088,1.32181228597843,0.432204695109438,1.06087689109301
2021,2014,7,1,"d001",0.825652313232421,0.582171630859374,2.24996643066406,2.24467010498047
2021,2014,7,1,"d100",1.5879581451416,1.2111442565918,0.802922058105469,1.07639198303223
2021,2014,8,3,"d001",2.49681304360092,2.24873654936502,3.7447698054323,2.01595218172079
2021,2014,8,3,"d100",1.66165046248741,1.74549480735173,1.86461269114136,1.49834873648345
2021,2015,6,3,"d001",5.17970251949222,2.54401480653868,1.22836214474178,1.83241795457808
2021,2015,6,3,"d100",0.520917263321174,0.673365415983894,1.49546786349853,0.858640204037843
2021,2015,7,3,"d001",2.5696416244279,1.1341916050705,2.45114413767755,3.83464892534336
2021,2015,7,3,"d100",0.911755540999617,0.764547891752447,0.573840487648423,0.575910783017459
2021,2015,8,3,"d001",0.786942917931,2.57429353565807,3.37741169155329,1.89794498109514
2021,2015,8,3,"d100",1.04920442229843,1.05051260638809,0.490364208651666,0.894996071291554
2021,2016,6,3,"d001",1.58628402390927,2.06248755553524,2.26200253760207,1.99129833918459
2021,2016,6,3,"d100",2.17335277054129,2.00046235663023,1.72953922866155,1.80375067105531
2021,2016,7,3,"d001",2.77846527494093,2.77928081817067,2.56733099653534,3.83906161151236
2021,2016,7,3,"d100",1.37275306947799,1.15839822738762,1.13938692840538,0.993156547405572
2021,2016,8,3,"d001",2.64883800505347,2.27236598256266,2.55313007495591,3.64566970973439
2021,2016,8,3,"d100",1.16307845873992,0.867459666688154,0.72056465137502,1.24985177510069
2023,2005,6,1,"d001",0.0133290863037132,3.2367586517334,0.928834381103513,1.24193244934082
2023,2005,6,1,"d100",2.61132377624511,3.25841659545898,1.67391914367676,2.24073356628418
2023,2005,8,1,"d001",5.36757766723633,1.18416893005371,0.403933410644534,6.58748924255371
2023,2005,8,1,"d100",0.201538925170901,1.17634475708008,0.519040222167966,1.35197937011718
2023,2006,6,1,"d001",1.75947067260742,2.03311374664307,0.399737091064452,0.921595306396483
2023,2006,6,1,"d100",3.05973884582519,2.51622650146484,1.1324755859375,2.65912124633789
2023,2006,7,1,"d001",2.29171424865723,0.620456161499021,0.793826522827146,3.50046020507813
2023,2006,7,1,"d100",0.905921401977537,2.15093559265136,0.797269287109373,1.42522186279297
2023,2006,8,1,"d001",4.4666960144043,0.513088455200197,0.0981786346435527,5.67458938598633
2023,2006,8,1,"d100",1.21204925537109,2.82891250610351,1.33480812072754,0.413992156982424
2023,2007,7,1,"d001",2.03393188476563,1.18709358215332,0.656978454589844,3.244716796875
2023,2007,7,1,"d100",2.40207847595215,3.62765106201172,2.03301414489746,1.40913948059082
2023,2007,8,1,"d001",2.61614631652832,1.45350242614746,2.27532173156738,3.83520530700683
2023,2007,8,1,"d100",2.58019805908203,3.3277719116211,1.88601470947266,1.26423049926758
2023,2008,6,1,"d001",2.08083854675293,2.20056091308594,1.29687629699707,1.0738671875
2023,2008,6,1,"d100",3.17948471069336,2.89252410888672,1.68705497741699,2.22099243164062
2023,2008,7,1,"d001",1.65275947570801,1.79724891662597,0.281063156127928,2.82080642700195
2023,2008,7,1,"d100",1.71924217224121,2.18403060913086,1.23414810180664,1.07696159362793
2023,2008,8,1,"d001",1.72543937683105,0.918595962524414,2.19179695129395,2.93622047424316
2023,2008,8,1,"d100",2.39084022521973,2.7679077911377,1.44970291137695,1.17882125854492
2023,2009,6,1,"d001",2.89427505493164,3.54513298034668,1.9111531829834,1.67948280334473
2023,2009,6,1,"d100",4.03484092712402,2.5394376373291,1.56645332336426,2.72013031005859
2023,2009,7,1,"d001",0.947423248291017,1.98709037780762,2.4603035736084,0.500757904052733
2023,2009,7,1,"d100",3.06289413452149,3.09813621520996,1.87765625,2.28855255126953
2023,2009,8,1,"d001",0.966047592163086,2.19322746276855,2.34523551940918,2.2109969329834
2023,2009,8,1,"d100",2.51459091186523,3.8611408996582,2.4443871307373,2.45946662902832
2023,2010,6,1,"d001",0.820671463012694,2.62352333068848,2.6505989074707,1.98787155151367
2023,2010,6,1,"d100",2.71662101745606,3.65088043212891,1.23017654418945,1.14291534423828
2023,2010,7,1,"d001",2.9646354675293,1.00151481628418,0.523238754272462,4.16012535095215
2023,2010,7,1,"d100",1.64155235290527,3.37519493103027,1.75586357116699,0.267759704589842
2023,2011,7,1,"d001",2.08393997192383,1.29229026794433,0.0422940826416003,3.2771524810791
2023,2011,7,1,"d100",2.07739883422851,3.20248275756836,1.78719001770019,1.22970062255859
2023,2012,7,1,"d001",4.37372779846191,0.117666244506836,0.83073616027832,5.57448387145996
2023,2012,7,1,"d100",0.880836486816406,2.23619842529297,0.506374359130859,0.546318054199219
2023,2013,7,1,"d001",3.40451171875,0.0615246582031261,0.67052146911621,4.62237670898438
2023,2013,7,1,"d100",1.24202796936035,2.56838104248047,0.84883949279785,1.58249160766601
2023,2013,8,1,"d001",0.382151412963868,1.95258064270019,2.93147926330566,1.51306838989258
2023,2013,8,1,"d100",1.15146141052246,2.09034614562988,0.55216293334961,1.82224349975586
2023,2014,6,1,"d001",1.87610008239746,0.988679428100586,0.639122467041016,0.653388519287109
2023,2014,6,1,"d100",1.10865165710449,1.35255004882812,0.269585113525391,1.02222778320312
2023,2014,7,1,"d001",2.75703155517578,0.181565170288085,1.07969200134277,3.95577346801758
2023,2014,7,1,"d100",1.39386070251465,2.40285766601562,0.635855560302733,0.554381256103515
2023,2014,8,1,"d001",1.99820762634277,1.16063743591308,1.47376579284668,3.54635864257812
2023,2014,8,1,"d100",1.21579689025879,1.73333114624024,0.267535629272462,0.0953077697753919
2023,2015,6,1,"d001",2.05295440673828,0.938578872680665,0.172353057861329,3.16456672668457
2023,2015,6,1,"d100",1.12932899475098,0.404540328979493,1.01440879821777,0.126220016479493
2023,2015,7,1,"d001",1.98881439208984,0.523339309692382,0.270752944946288,3.61318878173828
2023,2015,7,1,"d100",1.0225,1.90550132751465,0.0313024902343741,0.521267852783204
2023,2016,7,1,"d001",1.63881271362305,1.6332209777832,0.929945297241211,2.84386604309082
2023,2016,7,1,"d100",1.68124038696289,2.2947486114502,1.2986205291748,1.13289482116699
2023,2016,8,1,"d001",3.56100074768067,0.166995925903322,0.50877960205078,4.78832237243653
2023,2016,8,1,"d100",0.947357254028319,1.48551376342773,0.0610179138183611,0.412612838745119
2027,2005,6,1,"d001",2.79760681152344,0.920744552612305,1.74698005676269,4.03058372497559
2027,2005,6,1,"d100",0.430822982788087,0.241127624511719,1.34527908325195,0.50433479309082
2027,2005,8,1,"d001",7.23920166015625,2.91657173156738,1.16341888427734,8.46171295166016
2027,2005,8,1,"d100",1.40933143615723,0.391898269653321,3.20649444580078,3.27811920166016
2027,2006,6,1,"d001",1.05794746398926,2.26949150085449,1.78247100830078,1.66499931335449
2027,2006,6,1,"d100",1.06016700744629,0.0665242004394528,1.21403343200684,0.487905197143554
2027,2006,7,1,"d001",5.82067573547363,2.19275749206543,1.34131896972656,7.03175437927246
2027,2006,7,1,"d100",1.07534111022949,0.815817718505858,3.51686370849609,2.13600814819336
2027,2006,8,1,"d001",7.61240173339844,3.64280296325683,0.517411956787107,8.82575584411621
2027,2006,8,1,"d100",1.02528358459472,0.712053070068357,2.56009460449219,3.49457336425781
2027,2007,7,1,"d001",2.02529541015625,1.7571085357666,1.19470771789551,3.23277679443359
2027,2007,7,1,"d100",3.16906150817871,3.59479507446289,1.86452850341797,1.51530822753906
2027,2007,8,1,"d001",4.0386752319336,0.197300033569334,1.37767227172851,5.26281349182129
2027,2007,8,1,"d100",1.73302467346191,2.13268287658691,0.458642883300783,0.136899871826174
2027,2008,6,1,"d001",1.39431182861328,0.217372970581053,1.44305221557617,2.40272323608399
2027,2008,6,1,"d100",0.358085708618162,0.378326339721681,2.27220718383789,0.606624526977541
2027,2008,7,1,"d001",4.76979454040528,0.700086669921877,2.14231498718262,5.95408256530762
2027,2008,7,1,"d100",0.7373543548584,0.0899447631835919,2.4743099975586,1.78857048034668
2027,2008,8,1,"d001",5.25337539672852,1.68157897949219,0.896172866821288,6.4681428527832
2027,2008,8,1,"d100",0.597577438354492,0.454505310058593,2.32872138977051,2.05817352294922
2027,2009,6,1,"d001",1.12893196105957,0.335198440551761,1.47067352294922,2.28667922973633
2027,2009,6,1,"d100",0.565161743164065,2.04331680297851,2.80768295288086,0.748818359374997
2027,2009,7,1,"d001",2.950791015625,1.10486473083496,0.890488281250001,4.23844207763672
2027,2009,7,1,"d100",0.330498352050782,0.535814895629883,2.00328887939453,0.991573944091797
2027,2009,8,1,"d001",4.0236947631836,0.117606887817384,0.183814773559572,5.26040054321289
2027,2009,8,1,"d100",0.439831008911131,1.07888435363769,0.417649993896486,0.653188476562502
2027,2010,6,1,"d001",3.51760803222657,0.361855163574216,4.85206924438477,4.69392333984375
2027,2010,6,1,"d100",0.651600494384763,0.913063659667966,2.1078256225586,1.37671218872071
2027,2010,7,1,"d001",6.7987589263916,2.68088859558105,3.81441444396972,7.99715370178222
2027,2010,7,1,"d100",1.40807670593261,0.547673645019529,2.21059364318847,4.07641357421875
2027,2011,7,1,"d001",5.33905609130859,1.39315994262695,2.49962432861328,6.53511627197265
2027,2011,7,1,"d100",0.439991073608397,0.253492279052736,1.97547157287597,2.10746391296387
2027,2012,7,1,"d001",7.69338150024414,3.33262176513672,3.51147193908692,8.89931030273438
2027,2012,7,1,"d100",1.91353149414063,0.745429229736331,3.71959609985352,3.7986557006836
2027,2012,8,1,"d001",4.99703330993652,1.49966163635254,1.31307716369629,6.29177780151367
2027,2012,8,1,"d100",1.14495964050293,0.376277160644531,2.82235260009766,2.13601608276367
2027,2013,7,1,"d001",6.68790466308594,2.77506477355957,2.93859321594238,7.90257484436035
2027,2013,7,1,"d100",1.20688087463379,0.353035278320313,3.41918975830078,2.84176666259766
2027,2013,8,1,"d001",3.08069869995117,2.78487464904785,0.244464187622071,4.71222183227539
2027,2013,8,1,"d100",1.20870658874512,0.376631469726561,2.12399169921875,1.46044418334961
2027,2014,6,1,"d001",0.374589080810548,0.152840499877929,2.14209281921387,1.47054206848145
2027,2014,6,1,"d100",0.571763153076173,0.938893432617188,1.95282852172852,0.681935424804688
2027,2014,7,1,"d001",5.37017761230469,1.73116813659668,3.20941291809082,6.56896530151367
2027,2014,7,1,"d100",0.576917037963867,0.396750793457031,2.42983184814453,1.95523391723633
2027,2014,8,1,"d001",5.67780303955078,3.79848289489746,1.67930030822754,7.14953804016113
2027,2014,8,1,"d100",1.94300842285156,1.81948471069336,3.29646110534668,3.15044403076172
2027,2015,6,1,"d001",3.88796485900879,1.7241236114502,0.371714248657227,5.0240389251709
2027,2015,6,1,"d100",0.437452926635743,0.86359848022461,3.80133499145508,2.10559143066406
2027,2015,7,1,"d001",3.8610514831543,1.97463409423828,1.82734100341797,5.46464340209961
2027,2015,7,1,"d100",0.352180404663084,0.145835800170897,2.3271044921875,1.16316024780273
2027,2016,7,1,"d001",4.5081120300293,0.65778739929199,1.45034606933594,5.71643455505371
2027,2016,7,1,"d100",0.438444213867186,0.0292033386230486,2.17918212890625,1.38651092529297
2027,2016,8,1,"d001",6.19106346130371,2.33898216247559,1.83058219909668,7.42519432067871
2027,2016,8,1,"d100",1.37938171386719,0.831459579467776,3.1928125,2.81602149963379
2030,2005,6,1,"d001",0.886460189819335,2.92653953552246,2.00917518615723,2.08586013793945
2030,2005,6,1,"d100",2.03314125061035,1.78829872131348,1.22231399536133,2.356083984375
2030,2005,8,1,"d001",5.36367866516113,1.02481338500976,0.227068634033202,6.56242248535156
2030,2005,8,1,"d100",0.063550262451173,0.799346237182618,0.35067108154297,0.595105438232423
2030,2006,6,1,"d001",0.0797573089599624,0.311927413940431,0.232752227783202,0.345913314819335
2030,2006,6,1,"d100",3.10444297790527,2.01027336120605,2.87030830383301,3.1623233795166
2030,2006,7,1,"d001",2.60935089111328,1.58192184448242,0.416598587036134,3.69895622253418
2030,2006,7,1,"d100",1.36731842041016,1.58771255493164,0.64840057373047,2.50512054443359
2030,2006,8,1,"d001",4.96010551452637,0.941894149780275,0.0589767456054702,6.16293106079102
2030,2006,8,1,"d100",1.03276100158691,1.70822372436523,2.0706657409668,1.97220840454101
2030,2007,7,1,"d001",2.77312004089356,0.630186920166015,0.173699264526366,3.97268783569336
2030,2007,7,1,"d100",2.04725730895996,1.821650390625,2.03621566772461,2.26029479980469
2030,2007,8,1,"d001",3.14985679626465,1.09969879150391,1.66369033813477,4.34795211791992
2030,2007,8,1,"d100",2.30528045654297,1.97174240112305,1.03262878417969,2.7125146484375
2030,2008,6,1,"d001",0.539683685302734,3.74046836853027,0.774983062744141,0.198366775512696
2030,2008,6,1,"d100",2.12933288574219,1.41013084411621,0.753020629882812,0.852408752441406
2030,2008,7,1,"d001",2.87460258483886,1.40637657165528,0.496897964477537,3.93729141235351
2030,2008,7,1,"d100",0.98006889343262,0.593691558837893,0.629856796264651,0.165965347290037
2030,2008,8,1,"d001",3.44949172973633,0.385406265258791,0.814162979125978,4.60971092224121
2030,2008,8,1,"d100",0.804382095336916,0.175138244628908,0.171571502685548,0.323796997070314
2030,2009,6,1,"d001",0.409764785766605,0.266229171752933,0.490249176025394,0.515842895507809
2030,2009,6,1,"d100",2.00190116882325,0.2893147277832,0.862247924804684,0.401946563720706
2030,2009,7,1,"d001",0.980990371704102,0.36085792541504,0.885994949340819,2.3108186340332
2030,2009,7,1,"d100",1.76894096374512,1.01139167785644,0.0241479492187509,1.60543731689453
2030,2009,8,1,"d001",1.36549201965332,2.86568626403809,2.19761833190918,2.56381622314453
2030,2009,8,1,"d100",3.08833106994629,2.81420501708984,2.5420378112793,3.33736785888672
2030,2010,6,1,"d001",1.50873306274414,2.36621543884277,2.86944320678711,2.62210777282715
2030,2010,6,1,"d100",2.76229927062988,1.9678084564209,1.06154891967773,1.42706939697266
2030,2010,7,1,"d001",4.22504875183105,0.288031311035155,1.37038871765137,5.40683242797851
2030,2010,7,1,"d100",0.877177505493165,1.29791000366211,0.673001556396486,0.695896835327147
2030,2010,8,1,"d001",1.92559707641601,1.65042411804199,1.76973258972168,3.05754554748535
2030,2010,8,1,"d100",1.783818359375,1.44769203186035,0.928229446411134,2.07220184326172
2030,2011,6,1,"d001",3.49327812194824,0.398060226440428,4.70401153564453,4.66530952453613
2030,2011,6,1,"d100",1.69389381408691,1.55159225463867,0.511280441284178,0.517996215820311
2030,2011,7,1,"d001",3.85459701538086,0.0244122314453143,1.34677307128906,5.01047508239746
2030,2011,7,1,"d100",0.836944656372072,0.800279693603517,0.113409118652346,0.0780200195312482
2030,2011,8,2,"d001",3.75502364432017,2.66349917846284,0.446561679904512,4.89340613390168
2030,2011,8,2,"d100",0.209779865279081,1.46460287748426,1.6202587667457,0.814380281523242
2030,2012,6,1,"d001",2.93603397369385,4.37156749725342,1.77377868652344,0.704353103637693
2030,2012,6,1,"d100",0.976795425415041,0.0161325836181661,0.108403930664061,0.116754302978514
2030,2012,7,1,"d001",5.00279769897461,0.655322647094728,0.751645660400392,6.17554435729981
2030,2012,7,1,"d100",0.189644241333006,1.36492767333984,0.875685119628905,0.605527496337892
2030,2012,8,1,"d001",5.50189193725586,1.54211219787598,0.0548227691650389,6.69599327087402
2030,2012,8,1,"d100",0.106905136108399,0.0571363830566405,1.78784164428711,0.0629270935058592
2030,2013,6,1,"d001",1.90922523498535,1.15064453125,0.457428207397463,2.92107368469238
2030,2013,6,1,"d100",2.66261505126953,0.962152709960939,1.3291056060791,0.970461120605471
2030,2013,7,1,"d001",3.77110015869141,0.109191055297853,0.650992279052733,4.96411430358887
2030,2013,7,1,"d100",1.7306965637207,1.68313301086426,2.26653564453125,2.51911056518555
2030,2013,8,1,"d001",0.250123596191408,2.0875991821289,2.52952995300293,1.86360321044922
2030,2013,8,1,"d100",1.48342170715332,2.25769271850586,2.28885498046875,2.23132553100586
2030,2014,6,1,"d001",1.43718353271484,3.17857566833496,0.429353561401367,0.783836517333985
2030,2014,6,1,"d100",1.26360717773438,1.62878623962402,0.44375244140625,1.91860595703125
2030,2014,7,1,"d001",2.65285919189453,1.07134201049805,0.688120346069336,3.81954429626465
2030,2014,7,1,"d100",2.22374870300293,1.60927154541016,1.23372604370117,2.39057113647461
2030,2014,8,2,"d001",2.02859455353225,1.41227157132341,1.63846367705718,3.23851027775567
2030,2014,8,2,"d100",1.56850654905163,1.03602575026482,0.684841457590952,1.3641987759222
2030,2015,6,1,"d001",2.25477401733398,0.0774765777587909,0.805581970214842,3.15766326904297
2030,2015,6,1,"d100",1.37631042480469,0.00993148803710753,1.22517211914063,0.194408493041994
2030,2015,7,1,"d001",0.325820007324218,0.827574691772462,1.70714088439941,1.93982032775879
2030,2015,7,1,"d100",3.6462850189209,2.9614533996582,1.9028596496582,3.59272094726563
2030,2015,8,1,"d001",3.91383407592773,0.120723266601566,0.0538878631591828,5.09943817138672
2030,2015,8,1,"d100",0.786038894653323,0.629605789184573,0.269262771606442,1.31014205932618
2030,2016,6,1,"d001",0.92965408325195,3.08234886169434,2.98399635314941,2.05551429748535
2030,2016,6,1,"d100",3.20666030883789,2.39386276245117,2.20220283508301,2.7989111328125
2030,2016,7,1,"d001",1.33956649780273,3.0019995880127,1.40730735778809,2.46411254882812
2030,2016,7,1,"d100",2.60955497741699,2.04869529724121,1.70211669921875,2.78280708312989
2030,2016,8,2,"d001",3.34023030804808,0.985641278110411,1.07814959762537,4.5359585432775
2030,2016,8,2,"d100",1.31043748622248,1.38558769165779,0.976385842100604,1.51217007771405
2031,2005,6,1,"d001",0.321313171386716,3.44249412536621,0.971684722900388,1.44705703735351
2031,2005,6,1,"d100",3.19991371154785,2.29087898254395,2.41711112976074,1.53869125366211
2031,2005,8,1,"d001",6.19180610656738,1.9512589263916,0.190757064819334,7.37671020507812
2031,2005,8,1,"d100",1.05450752258301,0.34288146972656,0.720164566040037,2.36400726318359
2031,2006,6,1,"d001",0.82929275512695,2.40484664916992,0.437267761230466,0.192619781494137
2031,2006,6,1,"d100",2.3392195892334,0.667384643554691,0.844979782104495,1.10118438720703
2031,2006,7,1,"d001",3.11655372619629,0.827881393432619,0.304495391845705,4.1526350402832
2031,2006,7,1,"d100",0.245499191284182,0.62936836242676,0.934757766723635,0.641584930419924
2031,2006,8,1,"d001",5.45397743225098,1.43757423400879,0.443736877441406,6.65097030639648
2031,2006,8,1,"d100",0.683242950439453,0.99905029296875,1.19033065795898,1.2766626739502
2031,2007,7,1,"d001",3.47041564941406,0.203796920776366,0.281244812011717,4.64389854431152
2031,2007,7,1,"d100",1.86475318908692,1.05060905456543,1.46266311645508,0.0216813659667956
2031,2007,8,1,"d001",3.62816711425781,0.595994033813476,1.47461608886719,4.81015678405762
2031,2007,8,1,"d100",1.63279251098633,1.1580419921875,1.73175910949707,0.0243978881835929
2031,2008,6,1,"d001",0.0168514251708984,2.21354293823242,0.615644454956055,0.528833389282227
2031,2008,6,1,"d100",2.04503440856934,0.370262145996094,0.593235015869141,0.0796070098876953
2031,2008,7,1,"d001",2.99985565185547,1.11767707824707,0.365542068481446,4.03052963256836
2031,2008,7,1,"d100",0.757418975830078,0.394442901611328,0.491788253784179,0.870056762695313
2031,2008,8,1,"d001",2.80414207458496,0.786609573364256,1.6652507019043,3.94183738708496
2031,2008,8,1,"d100",1.38869659423828,0.743120117187498,1.29997817993164,0.0679608154296893
2031,2009,6,1,"d001",0.722558593750001,1.03929481506348,1.1654296875,0.0911449432373033
2031,2009,6,1,"d100",2.57722816467285,0.364168548583983,0.169372177124025,0.24223098754883
2031,2009,7,1,"d001",1.17455993652344,0.289372787475585,0.977863922119141,2.33952651977539
2031,2009,7,1,"d100",1.72400917053223,0.468464508056641,0.709770812988282,0.0525582885742182
2031,2009,8,1,"d001",1.82836280822754,2.15712989807129,1.8866983795166,2.99933563232422
2031,2009,8,1,"d100",2.47634185791016,2.13873924255371,2.86111511230469,1.05006278991699
2031,2010,6,1,"d001",1.63946807861328,2.2266780090332,2.71002662658692,2.71896827697754
2031,2010,6,1,"d100",2.93831169128418,1.78290092468261,1.34942352294922,0.426091308593747
2031,2010,7,1,"d001",4.87576316833496,0.906940689086912,1.75196479797363,6.04897712707519
2031,2010,7,1,"d100",0.686101684570314,0.567554244995119,0.74768997192383,2.44936584472656
2031,2011,7,1,"d001",3.57592475891114,0.204041595458982,0.765925292968753,4.71439445495606
2031,2011,7,1,"d100",1.49164115905761,0.846446151733396,1.06873809814453,0.917286758422854
2031,2012,7,1,"d001",5.95417694091797,1.61386589050293,1.54704765319824,7.11294082641601
2031,2012,7,1,"d100",1.0110521697998,0.425618133544923,0.93456558227539,2.40505508422851
2031,2013,7,1,"d001",4.50984153747559,0.765853500366212,0.229510879516603,5.68839988708496
2031,2013,7,1,"d100",1.08763542175293,0.626272583007811,0.821443939208983,0.109986877441408
2031,2013,8,1,"d001",0.121678085327147,0.881364135742189,2.79710891723633,1.57826873779297
2031,2013,8,1,"d100",1.36696174621582,2.0902912902832,2.11722114562988,1.03616836547852
2031,2014,6,1,"d001",0.700747146606442,1.83295883178711,0.545771942138675,0.398222579956052
2031,2014,6,1,"d100",0.641155853271481,0.2664533996582,0.313587799072263,0.166945114135739
2031,2014,7,1,"d001",3.36580627441406,0.215349502563477,1.06001823425293,4.51449935913086
2031,2014,7,1,"d100",1.88939888000488,0.734115905761719,1.02701599121094,0.0596882629394528
2031,2014,8,1,"d001",2.54647972106934,1.80986549377441,1.39773414611816,3.92950393676758
2031,2014,8,1,"d100",1.41237113952637,0.387659530639649,0.956749420166016,0.641793746948242
2031,2015,6,1,"d001",3.63035232543945,1.58508522033691,0.234663314819336,4.35294563293457
2031,2015,6,1,"d100",0.0679286193847659,1.74035102844238,1.50768692016602,2.42895156860352
2031,2015,7,1,"d001",2.25971908569336,0.753823471069335,0.0176704406738288,3.70848388671875
2031,2015,7,1,"d100",1.79687194824219,0.872605133056641,0.740860748291016,0.268219757080079
2031,2016,7,1,"d001",2.4704231262207,1.64878616333008,0.459695434570314,3.55787696838379
2031,2016,7,1,"d100",1.45698127746582,0.522391891479494,1.50139770507813,0.0904735565185533
2031,2016,8,2,"d001",6.70106913889912,3.33216506063955,2.91301775775402,7.78846936428952
2031,2016,8,2,"d100",3.33165984509635,3.54090531517648,3.11633628875221,4.2396277444518
2033,2005,6,1,"d001",0.375486068725586,3.34267456054688,1.68113105773926,1.64242713928223
2033,2005,6,1,"d100",2.81923133850098,2.83818466186523,1.0141089630127,1.67661315917969
2033,2005,8,1,"d001",5.76199699401855,1.52117134094238,0.23384117126465,6.98847557067871
2033,2005,8,1,"d100",0.971288909912111,0.772901763916018,1.20569778442383,1.76744819641113
2033,2006,6,1,"d001",0.144450454711912,2.17085388183594,0.741072921752927,0.288321762084959
2033,2006,6,1,"d100",2.75380966186524,1.49668952941895,1.2655551147461,1.76356002807617
2033,2006,7,1,"d001",3.36815078735351,0.267009658813478,0.00143440246581861,4.54815490722656
2033,2006,7,1,"d100",1.61858360290528,1.58558456420899,0.49979202270508,0.702886505126955
2033,2006,8,1,"d001",5.19241317749024,1.17403396606446,0.3398893737793,6.40489753723145
2033,2006,8,1,"d100",1.6305638885498,1.84491744995117,0.738903198242184,1.05104431152344
2033,2007,7,1,"d001",2.83297439575195,0.434052505493163,0.0108975982666024,4.05165191650391
2033,2007,7,1,"d100",2.89311317443848,2.27969459533691,1.71795562744141,0.760199584960937
2033,2007,8,1,"d001",4.16493240356445,0.0850637817382847,0.813966598510746,5.38940826416015
2033,2007,8,1,"d100",2.39793190002442,1.5342253112793,0.172794189453128,0.277750167846676
2033,2008,6,1,"d001",0.696637115478516,2.45898719787598,0.605727157592774,0.241004028320312
2033,2008,6,1,"d100",3.03709693908691,1.69954200744629,1.02381797790527,1.00166030883789
2033,2008,7,1,"d001",1.86282073974609,2.31152046203613,0.346352462768554,3.02494918823242
2033,2008,7,1,"d100",3.12487113952637,2.07742202758789,1.16454780578613,0.844839935302733
2033,2008,8,1,"d001",2.28050910949707,1.16224182128906,1.81860626220703,3.49278556823731
2033,2008,8,1,"d100",3.25153434753418,1.7880638885498,1.35434997558594,0.825816040039062
2033,2009,6,1,"d001",1.50060157775879,0.428267288208009,1.12914161682129,0.317158508300782
2033,2009,6,1,"d100",3.60730628967285,0.923767852783204,0.739826965332032,1.4005973815918
2033,2009,7,1,"d001",0.363052825927735,0.481183547973632,1.3074584197998,1.75707672119141
2033,2009,7,1,"d100",3.25725891113281,1.74671890258789,1.44370414733887,1.32847549438477
2033,2009,8,1,"d001",1.91250991821289,2.18670845031738,1.34557151794434,3.15170288085938
2033,2009,8,1,"d100",3.54551124572754,2.81777572631836,1.96320915222168,1.39017868041992
2033,2010,6,1,"d001",2.22860412597656,1.6083080291748,3.63196830749512,3.3942497253418
2033,2010,6,1,"d100",2.5900089263916,1.77829284667969,1.18664474487305,0.331116485595704
2033,2010,7,1,"d001",4.34345672607422,0.351675491333005,1.44106338500976,5.54214523315429
2033,2010,7,1,"d100",1.44064094543457,1.49042846679688,1.35196258544922,1.3945393371582
2033,2010,8,1,"d001",2.46215461730957,0.690830001831056,1.26196266174317,3.6625959777832
2033,2010,8,1,"d100",2.26986671447754,1.24574447631836,0.78135467529297,0.336641082763673
2033,2011,6,1,"d001",4.26088775634766,0.268339767456055,5.43659652709961,5.45579971313477
2033,2011,6,1,"d100",1.3787931060791,1.46463142395019,1.2817643737793,1.74916519165039
2033,2011,7,1,"d001",3.28506912231445,0.455203399658203,0.852276458740235,4.4799600982666
2033,2011,7,1,"d100",2.40026985168457,1.74614082336426,0.989478454589843,0.0856755828857416
2033,2011,8,2,"d001",4.74150742326056,2.46926389713878,1.38890244812395,5.88800001025425
2033,2011,8,2,"d100",0.427476296422755,1.85648518659577,2.03044933231615,2.1400160990021
2033,2012,6,1,"d001",2.27022621154785,5.38366386413574,1.73096725463867,1.0438525390625
2033,2012,6,1,"d100",1.12333419799805,0.0679328155517567,0.528933258056639,0.233792037963866
2033,2012,7,1,"d001",5.75508964538574,1.40938652038574,1.70474136352539,6.95840347290039
2033,2012,7,1,"d100",0.779124374389649,0.983323211669923,0.618128662109374,1.88385665893555
2033,2012,8,1,"d001",5.54424789428711,1.87087371826172,0.60090187072754,6.77968528747559
2033,2012,8,1,"d100",0.94100257873535,0.109928817749022,0.870686798095704,1.57192352294922
2033,2013,6,1,"d001",2.04377746582031,1.27095794677734,0.133993148803711,3.15880966186523
2033,2013,6,1,"d100",3.44705390930176,1.40924835205078,1.3733024597168,0.211383819580078
2033,2013,7,1,"d001",4.7192552947998,1.12528213500977,0.571760025024414,5.93888076782227
2033,2013,7,1,"d100",1.50995079040527,1.5346452331543,0.334419403076172,0.183612670898437
2033,2013,8,1,"d001",0.317107696533203,0.0163321685791011,1.50746391296387,2.13279678344727
2033,2013,8,1,"d100",1.34818504333496,2.72650573730469,1.36908195495606,1.29138229370117
2033,2014,6,1,"d001",0.578368530273437,1.15033088684082,1.6177774810791,0.421440734863282
2033,2014,6,1,"d100",0.735288009643554,0.649409637451171,0.212944641113282,0.358401641845703
2033,2014,7,1,"d001",4.49141082763672,1.06778297424317,2.54129943847656,5.69178161621094
2033,2014,7,1,"d100",1.19603385925293,0.259367370605467,0.134460067749025,1.02314147949219
2033,2014,8,2,"d001",2.78239701796312,5.38644796217092,1.61031986865745,3.99460659298524
2033,2014,8,2,"d100",1.42535048773984,0.844170152353643,1.77912153790912,0.599137205067236
2033,2015,6,1,"d001",3.1576033782959,1.33350288391113,1.82419883728027,4.16111289978027
2033,2015,6,1,"d100",0.624195938110351,0.144856567382813,1.95695388793945,1.58396255493164
2033,2015,7,1,"d001",2.79332572937012,1.27417213439941,1.03269798278809,4.5046752166748
2033,2015,7,1,"d100",1.89921157836914,1.10311096191406,0.177356414794922,0.121177368164062
2033,2015,8,1,"d001",4.4652465057373,0.603609390258789,0.551710433959961,5.68638259887695
2033,2015,8,1,"d100",1.3644654083252,0.640731506347656,0.55134994506836,1.08722717285156
2033,2016,6,1,"d001",3.08643928527832,0.98936637878418,5.24055114746094,4.2579175567627
2033,2016,6,1,"d100",1.57160743713379,0.918823089599609,1.15835586547852,0.835884246826172
2033,2016,7,1,"d001",2.69076416015625,1.49198844909668,0.0309188079833973,3.88654396057129
2033,2016,7,1,"d100",2.41032722473145,1.12147262573242,0.313109664916993,0.275195388793946
2033,2016,8,3,"d001",5.55137190534742,2.06507584116947,1.87713892025405,6.74636614640832
2033,2016,8,3,"d100",1.60676936816549,2.10644366145585,2.32068920016428,2.58246767201256
2034,2005,6,1,"d001",0.385173873901365,3.5640145111084,1.40323455810547,0.849473876953127
2034,2005,6,1,"d100",3.2969189453125,3.76416023254394,1.90736206054687,2.56380279541015
2034,2005,8,1,"d001",5.37985969543457,1.24618888854981,0.545046081542967,6.60339141845703
2034,2005,8,1,"d100",0.151809921264647,1.41209243774414,0.665307769775392,1.41785217285156
2034,2006,6,1,"d001",1.05673118591309,3.43745903015137,0.452101745605468,0.181458435058595
2034,2006,6,1,"d100",2.42551132202149,1.94343658447266,0.120900115966798,2.02584739685059
2034,2006,7,1,"d001",3.11221542358399,0.300800704956057,0.26135787963867,4.32963027954102
2034,2006,7,1,"d100",0.247861480712888,1.69412002563476,0.309215927124026,0.41098937988281
2034,2006,8,1,"d001",5.48265159606934,1.71479309082032,0.381587142944333,6.69411933898926
2034,2006,8,1,"d100",0.25293647766113,1.69583236694336,0.0474139404296849,1.3986996459961
2034,2007,7,1,"d001",2.85967658996582,0.254050979614259,0.03986000061035,4.07028984069824
2034,2007,7,1,"d100",1.69639945983887,2.85224510192871,1.16239143371582,0.599416503906252
2034,2007,8,1,"d001",3.55473487854004,0.469263381958008,1.54036933898926,4.77676742553711
2034,2007,8,1,"d100",1.63607437133789,2.59045059204102,0.806408233642578,0.277586288452149
2034,2008,6,1,"d001",1.16920509338379,1.1684154510498,0.53560104370117,0.131637954711913
2034,2008,6,1,"d100",2.5795482635498,2.22919311523437,0.57609405517578,1.6040901184082
2034,2008,7,1,"d001",2.16534133911133,1.30247596740723,0.00165267944336023,3.34845634460449
2034,2008,7,1,"d100",1.337119140625,2.26152328491211,0.661814727783202,0.757962265014648
2034,2008,8,1,"d001",2.680146484375,0.185351638793943,1.34273406982422,3.89632919311523
2034,2008,8,1,"d100",1.45595046997071,2.09226486206055,0.52674743652344,0.337776870727541
2034,2009,6,1,"d001",2.16837524414062,2.55036949157715,1.43124412536621,0.950542678833006
2034,2009,6,1,"d100",3.54036735534668,1.74956916809082,0.702406158447264,2.13900588989258
2034,2009,7,1,"d001",0.104537048339843,0.810095748901368,1.617470703125,1.50100425720215
2034,2009,7,1,"d100",2.19506355285645,2.27246948242188,0.912583312988282,1.50058837890625
2034,2009,8,1,"d001",1.62333534240723,1.43831588745117,1.84312774658203,2.86561058044434
2034,2009,8,1,"d100",2.15161277770996,3.41319229125977,1.74499084472656,1.59328605651855
2034,2010,6,1,"d001",1.4953938293457,1.81299964904785,3.0115185546875,2.66852577209472
2034,2010,6,1,"d100",2.21674339294434,3.03595916748047,0.371354980468752,0.478725357055666
2034,2010,7,1,"d001",4.25152076721191,0.303290023803712,1.53596366882324,5.44928039550781
2034,2010,7,1,"d100",0.488213882446288,2.16129623413086,0.576428756713867,1.05942596435547
2034,2011,7,1,"d001",3.21646125793457,0.0955199432373028,0.831342773437502,4.41469009399414
2034,2011,7,1,"d100",1.11269943237305,2.28832809448242,0.576570434570311,0.159158630371092
2034,2012,7,1,"d001",5.76069511413574,1.50942863464356,2.01555122375488,6.9643350982666
2034,2012,7,1,"d100",0.539896621704102,1.05073486328125,1.05264533996582,1.95816101074219
2034,2013,7,1,"d001",3.37087249755859,0.132322311401367,0.585180282592773,4.5908031463623
2034,2013,7,1,"d100",1.32893562316895,2.87118148803711,0.575675964355469,0.488218307495117
2034,2013,8,1,"d001",0.86986228942871,1.43838050842285,3.39834854125976,0.979090957641603
2034,2013,8,1,"d100",1.7492911529541,2.9486262512207,0.988642425537108,2.12950584411621
2034,2014,6,1,"d001",2.24434913635254,1.07911552429199,0.0911477661132807,0.985552444458008
2034,2014,6,1,"d100",1.75199760437012,1.86182083129883,0.0687490844726568,1.55676712036133
2034,2014,7,1,"d001",2.4745329284668,0.287878189086914,0.565931167602539,3.67687591552734
2034,2014,7,1,"d100",1.78041854858398,2.7410661315918,0.762855682373047,0.814607772827149
2034,2014,8,1,"d001",2.21110656738281,1.57393577575683,1.32841751098633,3.74264266967773
2034,2014,8,1,"d100",1.07745429992676,1.71748611450196,0.0304743957519555,0.0979563903808618
2034,2015,6,1,"d001",2.61610961914063,0.489843139648439,0.289665451049803,3.74577117919922
2034,2015,6,1,"d100",0.477289428710936,0.14357208251953,1.75201393127442,0.660062561035158
2034,2015,7,1,"d001",1.42561386108398,0.0175671386718719,0.47174598693848,3.07284400939941
2034,2015,7,1,"d100",1.64654685974121,2.41076232910157,0.2075114440918,1.06704093933106
2034,2016,7,1,"d001",2.0526326751709,1.1463533782959,0.702725067138669,3.2605355834961
2034,2016,7,1,"d100",1.44011940002441,2.21536125183105,0.900189056396481,0.846968307495114
2034,2016,8,1,"d001",4.14934326171875,0.966848144531248,0.0260865783691386,5.38413024902344
2034,2016,8,1,"d100",0.224195709228518,1.24840759277344,0.691552886962889,0.924632797241209
2035,2016,8,1,"d001",8.45502403259277,6.79492118835449,4.63384750366211,9.70850875854492
2035,2016,8,1,"d100",4.2950203704834,4.67331436157227,6.278779296875,5.81290939331055
2036,2005,6,2,"d001",1.70720513990454,1.03891616539422,2.66450012174597,2.9319401365171
2036,2005,6,2,"d100",0.982742688742021,2.06405993093485,1.4389556078486,1.6470788818735
2036,2005,8,2,"d001",4.59571636252073,0.913145782953595,2.11280303844578,5.58105779140569
2036,2005,8,2,"d100",1.84465589868803,1.8187566056313,1.37421995967086,1.57803296530929
2036,2006,6,2,"d001",2.3975232172283,3.02729843052754,1.22375742530849,0.946187483977215
2036,2006,6,2,"d100",1.40141413588332,0.760001701209999,1.63242691016273,1.43398074619596
2036,2006,7,2,"d001",5.90352893944203,1.01215636551206,1.13792262401647,3.92103275397957
2036,2006,7,2,"d100",1.07024151177589,1.06279158046911,0.579226837428992,1.30371278179612
2036,2006,8,2,"d001",5.03044732664948,2.45365047532563,2.86321851298795,6.24707122624332
2036,2006,8,2,"d100",1.57594983013733,2.31732023396818,1.53367737880347,2.11768628493556
2036,2007,7,1,"d001",1.55524787902832,0.820965194702147,1.75416603088379,2.9625602722168
2036,2007,7,1,"d100",2.46430625915527,3.50945892333984,2.17907180786133,3.21027793884277
2036,2007,8,1,"d001",3.8755859375,0.956428909301756,1.10120544433594,5.15262832641601
2036,2007,8,1,"d100",0.781215286254884,1.35185012817383,1.37848892211914,1.3560043334961
2036,2008,6,1,"d001",0.29973556518555,2.48294212341309,1.52588035583496,0.149167556762698
2036,2008,6,1,"d100",1.83996536254883,1.82644989013672,0.633777160644534,1.45332290649414
2036,2008,7,1,"d001",1.63487434387207,1.8184928894043,1.5379638671875,2.65433120727539
2036,2008,7,1,"d100",1.56572532653809,1.66839408874512,0.706066131591797,1.54497528076172
2036,2008,8,1,"d001",1.33545219421386,1.52528846740723,3.29458320617676,2.64104759216308
2036,2008,8,1,"d100",2.09793746948242,2.1517342376709,1.25674903869629,2.49598014831543
2036,2009,6,1,"d001",1.2739852142334,1.82859642028809,2.03203422546387,0.596712417602539
2036,2009,6,1,"d100",2.55885154724121,1.86854583740234,0.834339447021485,1.35307723999023
2036,2009,7,1,"d001",0.155333862304687,2.34114707946777,3.00659622192383,1.44212089538574
2036,2009,7,1,"d100",1.57130302429199,1.76253570556641,1.17950500488281,1.73410095214844
2036,2009,8,1,"d001",1.88300445556641,1.42644187927246,2.14846870422363,3.26888206481934
2036,2009,8,1,"d100",1.35144874572754,2.29032012939453,0.971972198486327,1.82064888000488
2036,2010,6,1,"d001",1.36369689941406,1.06710639953614,2.52603897094726,2.5228498840332
2036,2010,6,1,"d100",1.91944328308106,2.38161674499512,0.660545501708988,1.71518531799317
2036,2010,7,1,"d001",3.10208480834961,0.685132675170898,0.0613991546630857,4.38104217529297
2036,2010,7,1,"d100",1.02490837097168,2.67671806335449,1.01922256469727,1.20873291015625
2036,2010,8,1,"d001",2.1289771270752,1.21161811828613,2.52673118591309,3.27377731323242
2036,2010,8,1,"d100",0.387651138305664,0.856389694213867,0.102615051269531,1.29719512939453
2036,2011,6,1,"d001",4.2075032043457,1.85336196899414,4.92491233825683,5.41166389465332
2036,2011,6,1,"d100",0.0703459930419932,1.47067367553711,1.63778579711914,0.547663574218749
2036,2011,7,1,"d001",2.08314231872559,0.568030319213868,0.917494735717774,3.34588722229004
2036,2011,7,1,"d100",1.70316215515137,2.55608459472656,1.214638671875,1.86958404541016
2036,2011,8,2,"d001",5.06366547365696,2.2357835720762,0.641641718363407,5.78865173435006
2036,2011,8,2,"d100",2.23509764774755,0.519963683075504,1.36877505206105,1.14546628139701
2036,2012,6,1,"d001",7.39125087738037,0.68053123474121,1.73766258239746,2.26300361633301
2036,2012,6,1,"d100",1.97858551025391,2.06102684020996,2.17300537109375,1.51281478881836
2036,2012,7,1,"d001",4.05173286437988,0.885957565307617,0.492868576049805,5.23081954956055
2036,2012,7,1,"d100",0.805639419555664,2.1326448059082,0.196014556884766,1.44264617919922
2036,2012,8,1,"d001",5.35610275268555,3.89595489501953,0.431113052368165,6.6022632598877
2036,2012,8,1,"d100",1.22403602600098,0.0405265808105462,1.02758483886719,0.0653656005859382
2036,2013,6,1,"d001",2.44917121887207,0.867948684692383,0.71542724609375,3.33390441894531
2036,2013,6,1,"d100",1.1409147644043,1.29895004272461,1.19075218200684,0.697975006103515
2036,2013,7,1,"d001",3.73374008178711,1.54610847473144,0.25852752685547,5.0123388671875
2036,2013,7,1,"d100",0.944507369995119,1.7275235748291,1.15284942626953,1.67847229003906
2036,2013,8,1,"d001",1.05017799377442,2.50262313842773,3.18311553955078,2.37174171447754
2036,2013,8,1,"d100",0.0947489166259778,1.39500099182129,1.30299812316894,1.19029861450195
2036,2014,6,1,"d001",1.26467403411865,4.0914022064209,0.459688339233399,0.444969329833985
2036,2014,6,1,"d100",0.117738876342774,0.565712127685547,0.476446304321289,1.0113011932373
2036,2014,7,1,"d001",2.36608894348145,0.079395217895506,0.248647766113283,3.65599067687988
2036,2014,7,1,"d100",1.55033485412597,1.98410980224609,0.491868896484373,1.7881640625
2036,2014,8,2,"d001",5.86246891686534,3.68870946613726,1.92519596418042,4.67221265864428
2036,2014,8,2,"d100",1.58223229870254,0.586877006427405,0.57896733334858,0.930255981103425
2036,2015,6,1,"d001",2.98165054321289,2.38875694274902,1.0585334777832,3.13861770629883
2036,2015,6,1,"d100",0.216025161743165,0.88858871459961,0.576601791381837,0.798937606811524
2036,2015,7,1,"d001",1.88454368591309,0.579146652221681,0.229880065917968,3.78903511047363
2036,2015,7,1,"d100",0.946202011108397,1.26215240478516,0.0216033172607411,0.430021972656249
2036,2015,8,1,"d001",4.27086494445801,1.2810311126709,0.229940872192383,5.57483337402344
2036,2015,8,1,"d100",0.458639602661133,0.0505795288085942,1.31335494995117,0.328238983154296
2036,2016,6,1,"d001",2.61945960998535,0.341684799194333,4.27410743713379,3.79025886535644
2036,2016,6,1,"d100",0.309751052856448,0.653073806762698,0.252170104980472,0.261048812866214
2036,2016,7,1,"d001",1.8700357055664,1.49259132385254,1.4268278503418,3.09752517700195
2036,2016,7,1,"d100",1.29090065002442,1.40430587768555,0.495255889892579,1.46828598022461
2036,2016,8,2,"d001",3.9293327569565,0.68658972762071,1.08824584928729,5.26069444304998
2036,2016,8,2,"d100",0.441910889090724,0.521665860391709,1.46259997735121,0.724042922840081
2037,2005,6,30,"d001",3.1724248629936,1.79262836052463,3.20487129273137,4.08464992621087
2037,2005,6,30,"d100",0.682735775840576,0.500765937776241,0.699272617820843,0.757453261784648
2037,2005,7,27,"d001",4.76804148983346,1.44579753548815,1.90636880271649,5.97328307501545
2037,2005,7,27,"d100",0.800377229650769,0.59575804957211,0.893714328310704,1.22943082811052
2037,2005,8,31,"d001",4.79382587404862,1.70746585016604,1.57583227101223,5.98853017923583
2037,2005,8,31,"d100",0.857472933748058,0.708873401088742,1.23485459953904,1.29709843565538
2037,2006,6,28,"d001",2.66550103314821,2.09175339222437,2.36950424203766,3.60306903819263
2037,2006,6,28,"d100",1.00412769112759,0.744319910866815,0.832987752504453,1.1199266300271
2037,2006,7,31,"d001",3.81898209353312,1.36432612436052,1.31530140409716,5.00418067467368
2037,2006,7,31,"d100",0.584165697533217,0.680706273221783,0.813468204739293,1.64181850568801
2037,2006,8,31,"d001",4.26559340349652,1.58648557708998,1.45973736894806,5.49040016276305
2037,2006,8,31,"d100",0.737824275570576,0.401139929221529,0.948223014211088,1.106644787422
2037,2007,6,30,"d001",1.94907643346746,1.82194558436005,2.35208202548419,2.93333943321355
2037,2007,6,30,"d100",0.764100495671867,0.462144877845336,0.700532831468484,1.5344847439783
2037,2007,7,31,"d001",3.30777630486214,1.95982417893148,1.26075445900277,4.54541376281657
2037,2007,7,31,"d100",0.638302742888873,0.463376471534145,0.97680326097406,1.3586237978367
2037,2007,8,31,"d001",4.02065664399511,1.93261259528475,0.960490795958531,5.2233629608248
2037,2007,8,31,"d100",0.560910051495281,0.374549027818861,0.874367726146286,0.954225123089635
2037,2008,6,27,"d001",3.25854770662707,1.65913644503814,3.57205572453228,4.30893459723261
2037,2008,6,27,"d100",0.863174755015399,0.497347867969072,0.494832370987605,0.759303981780537
2037,2008,7,31,"d001",4.37855501096783,1.62795268554937,1.9192310960082,5.56945776296205
2037,2008,7,31,"d100",0.832518891751146,0.631790030697082,0.709658677881506,0.975665362509448
2037,2008,8,31,"d001",2.89664630704142,1.30468273696251,0.771515945425781,4.32253440223681
2037,2008,8,31,"d100",0.619263114836694,0.349095046479962,0.744558858331823,0.850620469858696
2037,2009,6,28,"d001",1.52118767985421,2.82039743369056,1.56989582825048,1.75486122316598
2037,2009,6,28,"d100",0.631803883438934,0.472484240050888,0.709906786853618,0.969336506800713
2037,2009,7,31,"d001",2.24758383390134,2.13701544854441,0.912620341352495,3.78686224230055
2037,2009,7,31,"d100",0.707402316739409,0.471076259469987,0.779550992780296,0.890896205742263
2037,2009,8,31,"d001",3.00444432567596,2.00828291744724,1.10063671613113,4.36093804393852
2037,2009,8,31,"d100",0.956889982993247,0.56621975677636,0.677340223082516,1.33458981159071
2037,2010,6,30,"d001",3.61946316712284,1.45014405177201,3.76118597048593,4.70087862931673
2037,2010,6,30,"d100",0.725781850708613,0.426449746719084,0.788295860911916,1.09995522748911
2037,2010,7,31,"d001",5.14429209112923,2.04414262300255,2.47270382262934,6.31048085269693
2037,2010,7,31,"d100",0.967047657234331,0.676544637852877,1.02768263637705,1.14229611721532
2037,2010,8,31,"d001",4.18332003096478,1.67843213244729,1.28379619201823,5.46427433652136
2037,2010,8,31,"d100",0.738591301488141,0.466831890691319,0.873356589542088,1.07568152859858
2037,2011,6,30,"d001",2.60353029444209,1.34187638788966,3.13947369421949,3.66447658471645
2037,2011,6,30,"d100",0.629827096194371,0.471955201950713,0.662789355644389,1.45074194843126
2037,2011,7,31,"d001",5.9100209816661,2.4847670745024,2.89072811769292,7.08162343358693
2037,2011,7,31,"d100",1.25479381622076,0.812034119210634,0.963374178181152,1.07148212801569
2037,2011,8,31,"d001",4.16944914248921,3.32349727423366,1.30528941718537,5.09019642394693
2037,2011,8,31,"d100",1.10533985582889,0.856653218049295,0.992997901449131,1.13350727656093
2037,2012,6,30,"d001",2.95073774209225,2.27523966665722,2.66361943447158,3.76332006715593
2037,2012,6,30,"d100",0.81807797044841,0.395203412637522,0.687108371995727,0.986327174219602
2037,2012,7,31,"d001",5.72079590640506,2.25914239213277,2.82415597035453,6.9033702518162
2037,2012,7,31,"d100",0.98519124657939,0.555226458570981,0.901287218782092,0.800783407444967
2037,2012,8,31,"d001",4.51781475613179,1.51967571816737,1.14699749245335,5.78391059904896
2037,2012,8,31,"d100",0.508372696828209,0.309670829170148,0.618258227070349,0.557395325882872
2037,2013,6,30,"d001",2.49116069205937,3.07476892333009,2.48562388273961,2.89310469939574
2037,2013,6,30,"d100",0.816085214882171,0.721316156022371,0.584073409022945,0.77977911836137
2037,2013,7,31,"d001",3.71944873529702,1.75217749677631,1.75560313000965,4.92442356966541
2037,2013,7,31,"d100",0.707319645687272,0.592900561050455,0.818122418738525,0.966698350016736
2037,2013,8,31,"d001",1.61089663788932,3.0595556162362,1.10472841063694,3.36375214395606
2037,2013,8,31,"d100",0.602736674827009,0.707983022738958,0.967706616393628,0.986257939509835
2037,2014,6,30,"d001",1.47302009145855,1.68203605531709,2.09333340920569,2.42057720233395
2037,2014,6,30,"d100",0.626599183670496,0.412792297877993,0.54202987281985,1.18646520569601
2037,2014,7,31,"d001",3.2413114740037,1.9088076083882,1.46268033461114,4.50822816371646
2037,2014,7,31,"d100",0.631436060191165,0.326813779732801,0.712614312362383,1.23057100052229
2037,2014,8,31,"d001",1.97164113125998,1.74207676499849,0.864869287515923,3.74946554312374
2037,2014,8,31,"d100",0.663821208808755,0.528547374481272,0.988660872461193,1.23473602804349
2037,2015,6,30,"d001",3.28027120403286,2.50203315298887,3.14813288975969,4.06803657101119
2037,2015,6,30,"d100",0.969646548549179,0.657879096244632,0.567704989790975,1.04893846796081
2037,2015,7,31,"d001",3.83357389443466,2.3518623029904,1.85047891010371,5.14190881027306
2037,2015,7,31,"d100",1.02262521909603,0.734293432483235,0.430892989222806,0.485668237423132
2037,2015,8,31,"d001",3.83302325578899,1.3389948517039,1.09470952101544,5.12504972317233
2037,2015,8,31,"d100",0.73734083793164,0.417645588130819,0.455450826688276,0.805057756446873
2037,2016,6,27,"d001",2.71728755141167,1.86013213232114,3.12940081922471,3.76968039347983
2037,2016,6,27,"d100",1.06619955015521,0.752788100216314,0.686431608862148,0.818231627801025
2037,2016,7,30,"d001",5.08093382781211,2.11592589662634,2.14267122556984,6.27618260660596
2037,2016,7,30,"d100",0.784656427924812,0.58666012729873,0.972115272299589,0.865997665383302
2037,2016,8,31,"d001",5.64347313505633,2.26759807999811,1.87416407063472,6.84540362118417
2037,2016,8,31,"d100",1.1064242162847,0.774552032355305,0.535046876491649,0.648254666727322
2040,2016,7,1,"d001",8.72066436767578,5.10788856506348,2.3371728515625,9.95096336364746
2040,2016,7,1,"d100",2.8923486328125,1.84583602905273,3.03888069152832,4.56408058166504
2040,2016,8,2,"d001",8.54882589290186,4.49505181199403,4.15612830403549,9.79402053173482
2040,2016,8,2,"d100",3.08465471267019,1.90451227457748,3.34212548254308,4.5325680184638
2044,2005,6,1,"d001",0.756986465454101,2.81501594543457,2.83383735656738,2.06957992553711
2044,2005,6,1,"d100",0.981104049682617,1.18563095092773,0.355182800292969,1.82702270507813
2044,2005,8,1,"d001",5.73436080932617,1.57034217834473,1.38688003540039,6.96328079223633
2044,2005,8,1,"d100",0.055363769531251,0.848509674072265,0.686751251220702,0.885485534667968
2044,2006,6,1,"d001",0.237033843994141,2.33823108673096,1.50670051574707,0.389860153198242
2044,2006,6,1,"d100",0.905542373657227,1.25290298461914,0.821271896362305,2.59616088867188
2044,2006,7,1,"d001",2.00727630615235,1.38351463317871,0.393692245483397,3.24236465454102
2044,2006,7,1,"d100",0.0829946899414047,1.02651809692383,0.109308013916017,3.00993560791015
2044,2006,8,1,"d001",4.60920120239258,0.841289291381834,0.561538467407225,5.82625175476074
2044,2006,8,1,"d100",1.50766777038574,1.98949264526367,2.11240600585938,2.42860244750977
2044,2007,7,1,"d001",2.42497497558594,0.225592193603514,0.659424362182616,3.69922882080078
2044,2007,7,1,"d100",1.12187141418457,1.09106201171875,0.668635787963868,3.22471946716309
2044,2007,8,1,"d001",3.55022804260254,0.53846366882324,1.0718041229248,4.78394309997559
2044,2007,8,1,"d100",1.81249626159668,1.82046516418457,1.22233016967773,2.65501220703125
2044,2008,6,1,"d001",1.36018997192383,1.83445030212403,1.20697540283203,0.153238830566409
2044,2008,6,1,"d100",0.788574752807619,1.66469436645508,0.994482574462893,1.76315933227539
2044,2008,7,1,"d001",1.84165084838867,1.88991653442383,0.443964843749999,3.04348838806152
2044,2008,7,1,"d100",1.36472618103027,1.76606857299805,1.53036987304688,2.71994506835938
2044,2008,8,1,"d001",2.52817047119141,0.0993529510498021,0.982163543701169,3.75569808959961
2044,2008,8,1,"d100",1.91557991027832,1.67449104309082,1.42692672729492,2.5766650390625
2044,2009,6,1,"d001",2.58675682067871,0.249913330078122,2.12322151184082,1.16016876220703
2044,2009,6,1,"d100",2.07876121520996,1.1304866027832,1.03283798217773,2.74287712097168
2044,2009,7,1,"d001",1.77067276000977,2.63011260986328,0.896590194702149,3.50318046569824
2044,2009,7,1,"d100",1.05844779968262,0.45431610107422,0.799271545410157,0.134444274902343
2044,2009,8,1,"d001",1.46120887756348,2.13366645812988,1.14614814758301,2.74045043945312
2044,2009,8,1,"d100",1.03049987792969,2.07672256469727,1.60829872131348,3.1143278503418
2044,2010,6,1,"d001",0.612660369873048,2.88102439880371,2.61081596374512,1.80436225891113
2044,2010,6,1,"d100",2.72289756774902,2.80237487792969,1.49011138916016,3.37377075195312
2044,2010,7,1,"d001",3.69837745666504,0.167818222045899,1.36155113220215,4.90199264526367
2044,2010,7,1,"d100",1.63323799133301,2.14066711425781,2.20306793212891,2.3628751373291
2044,2011,7,1,"d001",4.79502883911133,1.46185699462891,2.93058601379395,6.00329986572266
2044,2011,7,1,"d100",0.360899124145508,0.00421539306640639,0.168302688598633,0.814075317382812
2044,2012,7,1,"d001",5.3286466217041,1.06801124572754,1.94862648010254,6.53570075988769
2044,2012,7,1,"d100",0.733483352661136,1.31242660522461,0.847209014892581,1.14233116149903
2044,2013,7,1,"d001",3.75009429931641,0.559883956909179,0.342350845336913,4.9831322479248
2044,2013,7,1,"d100",0.270522232055665,0.89819061279297,0.563170318603515,1.33344375610352
2044,2013,8,1,"d001",0.00440055847167997,0.503176040649414,1.70359199523926,1.99560577392578
2044,2013,8,1,"d100",0.298710174560547,1.2245442199707,0.79856460571289,2.0181462097168
2044,2014,6,1,"d001",2.21353477478027,0.772151412963868,0.727446136474608,0.640328826904298
2044,2014,6,1,"d100",0.0364232635498034,0.854863586425783,0.507012786865236,1.68535369873047
2044,2014,7,1,"d001",2.65717628479004,0.249827117919924,1.33816841125488,3.87550476074219
2044,2014,7,1,"d100",1.20749351501465,1.09640762329102,0.529974670410159,2.41445610046387
2044,2014,8,1,"d001",1.43985893249512,1.79030754089355,1.5191902923584,3.1347403717041
2044,2014,8,1,"d100",1.41234062194824,1.49402282714844,1.08739326477051,2.4720654296875
2044,2015,6,1,"d001",2.90814071655274,0.988789138793948,1.38870483398438,4.05239349365235
2044,2015,6,1,"d100",0.502491531372073,0.332569656372073,1.27978569030762,0.694823684692381
2044,2015,7,1,"d001",2.01227409362793,1.48139030456543,0.819019622802735,3.83941299438477
2044,2015,7,1,"d100",0.361386947631836,0.364627532958984,0.307030029296875,1.28250854492187
2044,2016,7,1,"d001",1.80808410644531,2.04556312561035,0.218418502807616,3.0333724975586
2044,2016,7,1,"d100",1.39729537963867,1.62904205322265,1.67773475646973,2.57792510986328
2044,2016,8,1,"d001",4.18214134216309,0.593752899169921,0.387864151000976,5.4263468170166
2044,2016,8,1,"d100",0.636158905029298,0.758397064208985,0.159951171875001,1.05178161621094
2046,2005,6,1,"d001",1.65556259155274,1.29352836608886,3.46803207397461,2.78038330078125
2046,2005,6,1,"d100",0.405329895019534,0.0539710998535128,0.631798934936526,0.889121246337893
2046,2005,8,1,"d001",7.67615867614746,3.78373695373535,3.19171691894531,8.85490203857422
2046,2005,8,1,"d100",3.79983879089355,2.00733352661133,1.33164001464844,1.92574478149414
2046,2006,6,1,"d001",4.42115840911865,5.77877769470215,0.965711212158205,1.36564407348633
2046,2006,6,1,"d100",0.0794605255126939,0.898282623291017,1.40777168273926,0.210874176025392
2046,2006,7,1,"d001",3.2589739227295,0.260454025268558,0.391670074462894,4.21796592712403
2046,2006,7,1,"d100",1.30473121643067,0.634500350952152,1.22640213012696,0.149051513671878
2046,2006,8,1,"d001",6.41207496643067,3.04329292297363,2.24411575317383,7.61230079650879
2046,2006,8,1,"d100",2.47990028381348,1.05334655761719,0.529440002441405,0.401639862060549
2046,2007,6,27,"d001",3.08803133442886,2.76125935523189,2.61709099965145,3.629207264833
2046,2007,6,27,"d100",1.5362907136514,1.20316433437573,1.58456287330843,1.17449316306118
2046,2007,7,31,"d001",4.52338459364142,3.55866917132817,1.68926557123226,5.4024060385482
2046,2007,7,31,"d100",2.03984127772119,1.35523394884654,1.11316364399539,1.16602057717699
2046,2007,8,31,"d001",5.17887962964495,3.45848865461279,1.57343469217657,6.05726221490049
2046,2007,8,31,"d100",2.33593886106127,1.36260608981878,0.934547145882388,1.44455682751788
2046,2008,6,30,"d001",4.23005788022123,3.06982686932404,4.06967459684211,5.09895703035645
2046,2008,6,30,"d100",2.13761881376461,1.7817361864992,1.7924771681695,2.09889430718286
2046,2008,7,31,"d001",5.57968612758225,3.34589983725357,2.61677566058064,6.65186547903768
2046,2008,7,31,"d100",2.68232783504482,2.09746669934476,1.388384576991,1.59091744539528
2046,2008,8,31,"d001",4.13202257337825,3.23755250620528,1.06129130946796,5.22738566522029
2046,2008,8,31,"d100",2.04972380416267,1.22312099537827,1.00801618185079,1.42575592486885
2046,2009,6,30,"d001",3.30577366283384,3.44978078107699,1.74131568420765,2.39227942901156
2046,2009,6,30,"d100",0.919717666380898,0.908708685380547,1.40662340694169,1.31845123078505
2046,2009,7,31,"d001",3.58498182269793,3.95118515463729,1.25953628333039,4.61365113417939
2046,2009,7,31,"d100",1.90652475292652,1.21348047464852,1.52522134320039,1.95875031893387
2046,2009,8,31,"d001",3.87459887076703,3.52458073007208,1.0177250571431,5.0327927246475
2046,2009,8,31,"d100",2.02169689994809,1.18922481208373,1.16274090327414,1.06462596504152
2046,2010,6,30,"d001",4.67128304679123,2.35703467352972,4.37982182734998,5.615629638462
2046,2010,6,30,"d100",1.9552261821523,1.73693662985148,1.39112540233147,1.56682107162545
2046,2010,7,31,"d001",6.21037106569005,3.519794914298,3.07250721740346,7.26800143534142
2046,2010,7,31,"d100",3.02256555022564,2.23837093490434,1.44635538201531,1.50986116853574
2046,2010,8,31,"d001",5.23810999706082,3.39130060112107,1.68732827973327,6.36857111771656
2046,2010,8,31,"d100",2.48572210881264,1.47022495642473,1.08848172860753,1.27722456405992
2046,2011,6,29,"d001",3.5187067150315,2.23395320001975,3.49420192292989,4.40724932510104
2046,2011,6,29,"d100",1.5963686324295,1.35244308181905,1.50818808556972,1.28358810943371
2046,2011,7,31,"d001",6.9216621826213,3.79112275569375,3.55050008774349,8.03706689662296
2046,2011,7,31,"d100",3.15152365419728,2.50681342406073,1.47287119076225,1.90901417432547
2046,2011,8,31,"d001",5.2165717917706,4.86182338780982,1.72630720280356,5.69859618289165
2046,2011,8,31,"d100",2.4205367320691,1.73255086409557,1.54699747231049,1.37084111715107
2046,2012,6,29,"d001",4.55472567866781,3.73445534501999,3.12563960895118,4.56996524811992
2046,2012,6,29,"d100",1.70771911065551,1.83800756740676,1.71095701435432,1.62840289902707
2046,2012,7,30,"d001",6.81075852565864,3.60970405344222,3.58735758859972,7.89397918494325
2046,2012,7,30,"d100",2.74104207485077,2.26875178386967,1.39946373568051,1.67643041101696
2046,2012,8,29,"d001",5.46797879702352,3.19351446125947,1.61282158979869,6.58731599789886
2046,2012,8,29,"d100",2.56570956932448,1.65394258947963,1.02558385909462,1.63782346583824
2046,2013,6,29,"d001",3.58330181286448,3.40198584102694,2.68550896426462,3.40998631963736
2046,2013,6,29,"d100",1.33662380095014,1.78498013705781,1.99262211121435,1.43030532216044
2046,2013,7,31,"d001",4.62904946092279,2.86087338585145,2.15689844876531,5.68407291731092
2046,2013,7,31,"d100",2.37876442720129,1.47060306429927,1.04545960895201,1.28949374142222
2046,2013,8,31,"d001",2.75853913087228,3.92367577436869,0.925397649398918,3.67458739268815
2046,2013,8,31,"d100",1.08711073121102,0.547556019422085,0.422382029481644,0.945164292632605
2046,2014,6,30,"d001",2.29837745932238,2.14904063300829,2.17835002426327,2.98468900855022
2046,2014,6,30,"d100",1.1609108494554,0.890375097099782,1.62502128509536,1.20738559473399
2046,2014,7,31,"d001",4.27596964275506,3.32761002572366,1.88067770000735,5.31418868967638
2046,2014,7,31,"d100",2.10264486270538,1.30308323499898,1.01775003070567,1.27316855311189
2046,2014,8,31,"d001",3.16124039419924,3.43951869898613,0.565900629841719,4.39899167781987
2046,2014,8,31,"d100",1.54828921009753,0.558969116744618,0.79369455991142,1.19459442214232
2046,2015,6,30,"d001",4.764972391365,3.39951018411624,3.36355343340242,4.69347717477758
2046,2015,6,30,"d100",2.03331317039019,1.96506330424447,1.9343810898753,1.59271814348638
2046,2015,7,31,"d001",4.8769451999145,3.96513416226596,2.23569532951745,5.88079573782565
2046,2015,7,31,"d100",2.68668179975673,2.0163503336235,1.82850177562279,2.1246877110781
2046,2015,8,31,"d001",4.84036216961694,3.20925330713316,1.5282694724276,5.98622211591358
2046,2015,8,31,"d100",2.50799400587076,1.46849900558264,1.19805447167759,1.7733280302789
2046,2016,6,30,"d001",4.0859863257313,2.99733272389201,3.63972397402446,4.63475536498282
2046,2016,6,30,"d100",2.03556102370185,1.94342020238975,2.11418183290416,2.40753244812119
2046,2016,7,31,"d001",6.1934348056893,3.72128752565659,2.81576300642492,7.22711589520256
2046,2016,7,31,"d100",2.82808542248187,2.25007802188801,1.40562475584587,1.84595413570826
2046,2016,8,31,"d001",6.74189300221627,3.9757388927786,2.75575432930848,7.85446822620315
2046,2016,8,31,"d100",3.38134290855101,2.27792807546088,1.73413781117231,2.182012913436
