"seg_id_nat","year","month","n","ANN","RGCN","RGCN_ptrn","RNN","seg"
2007,2005,6,30,3.3192832437741,2.87459484333778,3.01931234451373,3.13861345482166,"2007_2005_6_d100"
2007,2005,7,31,3.64041773075891,3.37960028934106,3.1384832809304,3.31279593392933,"2007_2005_7_d100"
2007,2005,8,31,2.7314399908495,2.25275862423492,2.61060093907321,1.75966424168002,"2007_2005_8_d100"
2007,2006,6,30,4.05002378801857,3.46693162301348,3.6455044395613,4.65435178845316,"2007_2006_6_d100"
2007,2006,7,31,5.27417792371011,4.16917025415277,4.83540738288864,6.27380659178566,"2007_2006_7_d100"
2007,2006,8,31,1.86420922792588,1.58930263983297,1.41569710130615,2.06585809636014,"2007_2006_8_d100"
2007,2007,6,30,3.36469978726963,2.83599622978511,3.45174923324624,4.18248923474585,"2007_2007_6_d100"
2007,2007,7,31,3.98729235062258,3.59017314168268,3.90364222684358,4.23322414464702,"2007_2007_7_d100"
2007,2007,8,31,3.02990531888157,3.38532842877212,2.987503761161,2.76363862995395,"2007_2007_8_d100"
2007,2008,6,30,3.506202639382,3.42609002035622,3.88653394839695,4.46519229427888,"2007_2008_6_d100"
2007,2008,7,31,4.44532282896527,3.29078697342685,3.84946370454227,5.12296421848789,"2007_2008_7_d100"
2007,2008,8,31,2.60095265583382,2.94033912703469,2.59028553394628,2.50271920833584,"2007_2008_8_d100"
2007,2009,6,27,1.00748529378396,1.55294974401664,1.11149141935762,1.2722250451954,"2007_2009_6_d100"
2007,2009,7,31,2.1429744001485,2.52194023859669,2.74832251215996,2.38773338506413,"2007_2009_7_d100"
2007,2009,8,31,2.00897605508209,1.6320367252176,1.59246819079503,2.58973095620938,"2007_2009_8_d100"
2007,2010,6,30,1.07687717862804,1.07631665932595,1.10956538735275,1.40594862243837,"2007_2010_6_d100"
2007,2010,7,31,1.84764907886575,1.49774871984399,1.34065755445578,2.2886662517959,"2007_2010_7_d100"
2007,2010,8,31,3.39780276084862,3.57938499457136,3.23883475909752,3.78565618478239,"2007_2010_8_d100"
2007,2011,6,30,1.67477236709267,2.05141423554332,1.9718888876018,2.56934777072326,"2007_2011_6_d100"
2007,2011,7,31,4.6434681817907,4.69760164766955,4.80466246648661,5.06084930895944,"2007_2011_7_d100"
2007,2011,8,31,3.98580988591472,4.48051812077395,4.2359410275403,4.59954323303995,"2007_2011_8_d100"
2007,2012,6,30,2.53937131788284,2.15703729798746,2.25351253120424,2.41350111484591,"2007_2012_6_d100"
2007,2012,7,28,3.00957602818522,2.72168372088544,2.5031169460129,2.55664339014669,"2007_2012_7_d100"
2007,2012,8,31,3.1406433804723,3.3506016077194,3.09019626827967,3.17690853676075,"2007_2012_8_d100"
2007,2013,6,30,3.43966623789412,1.9074891526654,2.81022073698871,3.75995676294578,"2007_2013_6_d100"
2007,2013,7,31,5.1577430157528,4.23337120016731,4.64780889394276,6.12943216568948,"2007_2013_7_d100"
2007,2013,8,29,3.37274361623467,1.96627086191883,2.12336269902086,2.93008709352339,"2007_2013_8_d100"
2007,2014,6,30,3.45700439562898,2.29669914832826,3.05541865470185,3.88026488717587,"2007_2014_6_d100"
2007,2014,7,31,2.84274644316431,1.9675334342546,2.32751155852428,3.34745421003534,"2007_2014_7_d100"
2007,2014,8,31,2.55628171278069,3.49455257420561,3.64968955541409,3.1110247386537,"2007_2014_8_d100"
2007,2015,6,30,2.46046570640213,2.37065480867158,2.13209262733887,2.49102990773861,"2007_2015_6_d100"
2007,2015,7,31,2.7870394953413,2.71315819325414,2.7036138229882,2.94804107741893,"2007_2015_7_d100"
2007,2015,8,24,2.41530345703584,3.51373553984995,3.33413553059597,2.04480355417413,"2007_2015_8_d100"
2007,2016,6,30,2.86942577953296,2.9059542478663,2.67134966125335,2.46198668165685,"2007_2016_6_d100"
2007,2016,7,31,3.90679120901269,3.64296423225615,3.58613257121744,3.35970742650197,"2007_2016_7_d100"
2007,2016,8,31,1.74268219780804,1.75929329349566,1.69288549408787,2.21985488617673,"2007_2016_8_d100"
2012,2005,6,30,1.04497406315185,0.769624191809876,0.527757239050628,1.37548695572499,"2012_2005_6_d100"
2012,2005,7,31,0.640902925717037,0.490096532895279,0.566271281022514,1.46213670423406,"2012_2005_7_d100"
2012,2005,8,31,1.33436655730708,1.29058729747247,1.30375162058738,2.09206227834104,"2012_2005_8_d100"
2012,2006,6,23,0.897602018294193,0.65934737302959,0.89332242692478,1.59774967904878,"2012_2006_6_d100"
2012,2006,7,25,0.859824988762663,0.639696767594823,0.699066818162383,1.99520482351775,"2012_2006_7_d100"
2012,2006,8,31,1.34798361374699,1.16354669356938,1.15733789247453,2.0332877321187,"2012_2006_8_d100"
2012,2007,6,28,1.7471280573104,1.15923488856612,0.987648773415391,2.61664069234157,"2012_2007_6_d100"
2012,2007,7,29,1.21500915822987,0.921887885437886,1.01512950729523,2.09394651555111,"2012_2007_7_d100"
2012,2007,8,31,1.1439180509676,1.03127936060254,1.14081014939989,1.76693913092521,"2012_2007_8_d100"
2012,2008,6,30,0.921580001035357,0.665320050898738,0.730225929799577,1.25262613720465,"2012_2008_6_d100"
2012,2008,7,25,0.907093950842065,0.761486815194513,0.719267659891303,1.4160809351609,"2012_2008_7_d100"
2012,2008,8,31,0.821146675961444,0.709583932935509,0.858133144810016,1.30327941223349,"2012_2008_8_d100"
2012,2009,6,30,1.74179588403964,1.34132825689322,1.02389515073643,1.90346530364617,"2012_2009_6_d100"
2012,2009,7,31,1.23769304754603,1.01833568293786,0.914093046787731,1.70652865873772,"2012_2009_7_d100"
2012,2009,8,31,1.01109946994277,0.8933000292776,0.858239401050958,1.72451105391889,"2012_2009_8_d100"
2012,2010,6,28,1.00605375061247,0.576428444352769,0.455038882071738,1.56876674918038,"2012_2010_6_d100"
2012,2010,7,31,0.715514796881216,0.678003919993671,0.835865946312203,1.60587033916273,"2012_2010_7_d100"
2012,2010,8,31,0.918915654989525,0.72821526577757,0.863614556153423,1.56826188355042,"2012_2010_8_d100"
2012,2011,6,30,1.18677073161389,0.674745939733921,0.398609481603568,1.90395719561736,"2012_2011_6_d100"
2012,2011,7,31,0.892759909478641,0.829294148367107,0.911874830580544,1.66244626794948,"2012_2011_7_d100"
2012,2011,8,31,1.22208604996369,1.24315775173767,1.16904997453328,1.70226337853377,"2012_2011_8_d100"
2012,2012,6,30,0.79609921197689,0.544764802077521,0.612614870049669,1.43870202277048,"2012_2012_6_d100"
2012,2012,7,31,0.962791692503583,1.05544271498909,1.23185941385451,1.86688565875529,"2012_2012_7_d100"
2012,2012,8,31,0.563286158963533,0.469485552602633,0.636065971747561,1.19812835531013,"2012_2012_8_d100"
2012,2013,6,30,0.873399988630266,0.61777870661553,0.655936832057993,0.980584311603428,"2012_2013_6_d100"
2012,2013,7,31,0.581623928646014,0.423058206559463,0.429548927525513,1.0998315059301,"2012_2013_7_d100"
2012,2013,8,31,0.541365561557222,0.397498405934127,0.39788404334779,0.787249871112676,"2012_2013_8_d100"
2012,2014,6,28,1.03524369244978,0.583089207470549,0.393785439829175,1.5754485620505,"2012_2014_6_d100"
2012,2014,7,29,1.05250469771456,0.677529568432437,0.644172714845426,1.90665253841428,"2012_2014_7_d100"
2012,2014,8,31,1.18427036392595,1.04701954342711,1.11504122753527,1.76299335804645,"2012_2014_8_d100"
2012,2015,6,30,1.04160805329609,0.51638477706861,0.475206697613952,1.71232891580055,"2012_2015_6_d100"
2012,2015,7,31,0.492625311699064,0.561910470101612,0.610302168572476,1.01423037445703,"2012_2015_7_d100"
2012,2015,8,31,0.732141926920038,0.529527346902084,0.56869824447344,1.45677048379996,"2012_2015_8_d100"
2012,2016,6,30,0.80588450805881,0.400108194346364,0.409710998130919,1.11991451585253,"2012_2016_6_d100"
2012,2016,7,31,0.616912197243981,0.53422420168623,0.721263166880888,1.3547580271131,"2012_2016_7_d100"
2012,2016,8,31,0.490831295973711,0.390377027322974,0.463895894288799,0.986821390364949,"2012_2016_8_d100"
2013,2005,6,30,0.824722544573535,0.897523034706904,0.395201815359259,0.650497914697923,"2013_2005_6_d100"
2013,2005,7,31,0.772458441249311,0.629494824173934,0.622388532611986,0.518682130874856,"2013_2005_7_d100"
2013,2005,8,31,1.05790078099206,0.842130199735377,0.565200457624007,0.716414486569797,"2013_2005_8_d100"
2013,2006,6,30,0.814154349957543,0.965810189784977,0.662489280474782,0.577776963499706,"2013_2006_6_d100"
2013,2006,7,31,0.928692797984861,0.924835135379308,0.453750207678559,0.474189339495994,"2013_2006_7_d100"
2013,2006,8,31,1.01871261808333,0.693317857621845,0.374016251876812,0.583530674166901,"2013_2006_8_d100"
2013,2007,6,30,0.943662346552092,0.820099394138686,0.444302008635123,0.552187461578679,"2013_2007_6_d100"
2013,2007,7,31,0.93384965226629,0.725106997353027,0.574600050739495,0.645462655593627,"2013_2007_7_d100"
2013,2007,8,31,0.76099450411438,0.632195573300671,0.467183179831673,0.60919635685586,"2013_2007_8_d100"
2013,2008,6,30,0.925234138018159,0.876774078351118,0.429279784214172,0.736223698091001,"2013_2008_6_d100"
2013,2008,7,31,1.08097757037057,0.899685462561954,0.36842523934912,0.650525743690079,"2013_2008_7_d100"
2013,2008,8,31,0.823416983557378,0.483683324001846,0.36363291255342,0.47834369699086,"2013_2008_8_d100"
2013,2009,6,30,0.665528833864707,0.385725147150415,0.293663988958323,0.451093087538744,"2013_2009_6_d100"
2013,2009,7,31,0.793619235222713,0.408789266250265,0.659232507412445,0.455036699237199,"2013_2009_7_d100"
2013,2009,8,31,1.1182438593434,0.794767871025665,0.397868591962139,0.770544907157908,"2013_2009_8_d100"
2013,2010,6,27,1.03547148473644,1.04616412031041,0.530215806242707,0.668536438509191,"2013_2010_6_d100"
2013,2010,7,31,1.43526803959713,1.39037902132893,0.554171086420448,0.608243200161444,"2013_2010_7_d100"
2013,2010,8,31,1.3474627434312,1.036939063221,0.549207508517509,0.496571805601826,"2013_2010_8_d100"
2013,2011,6,30,0.763531563875691,0.768051837709465,0.429661148968222,0.494000524733632,"2013_2011_6_d100"
2013,2011,7,31,1.40378227911612,1.28533102283146,0.473166382598143,0.784988179157646,"2013_2011_7_d100"
2013,2011,8,31,1.47008350937384,1.07560637278898,0.792755390862571,0.685018815980566,"2013_2011_8_d100"
2013,2012,6,30,1.15558126360264,0.976875484185948,0.663380356002601,0.736457497442954,"2013_2012_6_d100"
2013,2012,7,31,1.39283697442373,1.35342588177172,0.567740385484999,0.800255955633418,"2013_2012_7_d100"
2013,2012,8,29,1.38944696832302,1.02926793405402,0.439322122559867,0.521238870696623,"2013_2012_8_d100"
2013,2013,6,30,1.05147960596905,1.13764632165811,0.730316348208912,0.536297610458897,"2013_2013_6_d100"
2013,2013,7,31,1.36293292107317,1.34109431712201,0.723820589161985,0.851255925170943,"2013_2013_7_d100"
2013,2013,8,31,1.02720985277278,0.557126339942689,0.623638087980658,0.575498758036226,"2013_2013_8_d100"
2013,2014,6,30,1.27924910763983,0.978289802591247,0.996052628962293,0.776636640284052,"2013_2014_6_d100"
2013,2014,7,31,1.35864596984251,1.1549261253712,0.851931579969572,0.915847616822578,"2013_2014_7_d100"
2013,2014,8,31,0.945480927805509,0.429975962861755,0.483840046763249,0.575259972733451,"2013_2014_8_d100"
2013,2015,6,30,1.31397015553787,1.19787460344538,0.822574828046763,0.964716882693825,"2013_2015_6_d100"
2013,2015,7,31,1.3181802366734,1.26378749137796,0.855429693997687,1.01253570497997,"2013_2015_7_d100"
2013,2015,8,31,1.18127991032654,0.854536842751638,0.674409647644132,0.827499207178983,"2013_2015_8_d100"
2013,2016,6,30,1.25818911213805,0.923260513790034,0.680179271419157,0.944568065701548,"2013_2016_6_d100"
2013,2016,7,31,1.37971607412533,1.2354580184296,0.627142196510154,0.936500666082642,"2013_2016_7_d100"
2013,2016,8,31,1.73394994591655,1.36343461066796,0.653704051773324,0.847406205782025,"2013_2016_8_d100"
2014,2005,6,30,1.36335021278077,0.842234340618336,0.960271395618595,1.06707817672357,"2014_2005_6_d100"
2014,2005,7,31,1.11694589662552,0.743652144429374,1.17949258353965,1.62590176569312,"2014_2005_7_d100"
2014,2005,8,31,1.09670608413211,0.843525343253396,1.08658091401147,1.41932578546489,"2014_2005_8_d100"
2014,2006,6,25,0.70574562446875,0.383498813293618,0.410545133466732,0.841204690438142,"2014_2006_6_d100"
2014,2006,7,23,0.733302533998654,0.400059686812326,0.752993204937506,1.37675008730977,"2014_2006_7_d100"
2014,2006,8,31,0.784128950028951,0.409489218620137,0.507349550109932,0.864654462072552,"2014_2006_8_d100"
2014,2007,6,30,1.16232468953096,0.51070310386244,0.492251708270273,1.27011264007669,"2014_2007_6_d100"
2014,2007,7,27,1.27150709506444,0.836429903866337,1.04390819894699,1.54753980494896,"2014_2007_7_d100"
2014,2007,8,31,1.48606346872262,1.0557861116321,1.33161689183148,1.58815231907924,"2014_2007_8_d100"
2014,2008,6,30,1.28566698985644,0.650668756631954,0.832386946269325,0.992866199214707,"2014_2008_6_d100"
2014,2008,7,31,0.851485212274969,0.503839370654818,0.67442289260906,1.09168636476542,"2014_2008_7_d100"
2014,2008,8,31,0.970082513183104,0.615520274023998,0.887144673374052,0.97384512814716,"2014_2008_8_d100"
2014,2009,6,30,1.72450305492064,1.10239157211683,1.25925172975288,1.367583436238,"2014_2009_6_d100"
2014,2009,7,31,1.19484193661959,0.794452157310433,0.998119829318867,1.21627274483135,"2014_2009_7_d100"
2014,2009,8,31,0.747066796266019,0.416455003454395,0.642429972824664,1.28506402263953,"2014_2009_8_d100"
2014,2010,6,29,1.52447841749641,0.794470913566405,0.945986735877677,1.3352386745534,"2014_2010_6_d100"
2014,2010,7,28,0.733133629649856,0.532494870014386,0.807365814723434,1.29059097652793,"2014_2010_7_d100"
2014,2010,8,31,0.909318882490029,0.524681357697748,0.676046363064927,1.01923835596467,"2014_2010_8_d100"
2014,2011,6,28,1.62757031495793,0.870057655456926,0.940775343670133,1.6718274040634,"2014_2011_6_d100"
2014,2011,7,31,1.10349776262983,0.61222101953671,0.869127810592655,1.15900393259653,"2014_2011_7_d100"
2014,2011,8,29,0.72510551648756,0.792868344425875,0.540520661063081,0.971670897281082,"2014_2011_8_d100"
2014,2012,6,30,1.10266537710791,0.703456812393535,0.750845485756413,1.23682357628524,"2014_2012_6_d100"
2014,2012,7,29,0.823290273664242,0.608698498208592,0.798718129650461,1.14665963456679,"2014_2012_7_d100"
2014,2012,8,29,0.573577101146999,0.33499352942197,0.510204845834835,0.717794882209042,"2014_2012_8_d100"
2014,2013,6,30,1.21547501986818,0.622367862671394,0.742486944680769,1.1087325962532,"2014_2013_6_d100"
2014,2013,7,31,1.18588960615703,0.92659770226498,1.25702767818564,1.44645681203964,"2014_2013_7_d100"
2014,2013,8,30,1.34750595670792,0.894443236873904,1.09418825372163,1.25532576049495,"2014_2013_8_d100"
2014,2014,6,30,1.03947459748012,0.453070980051916,0.492459887112373,0.930352083365281,"2014_2014_6_d100"
2014,2014,7,31,0.991786800251109,0.49674045992903,0.673074118833516,1.2060824489705,"2014_2014_7_d100"
2014,2014,8,31,1.22013609309171,0.804223647455831,1.03757488060418,1.26693467221901,"2014_2014_8_d100"
2014,2015,6,29,1.15948228565173,0.535851688736137,0.624377084305608,1.4126714275276,"2014_2015_6_d100"
2014,2015,7,31,1.02240144405137,0.5655070925001,0.728035169838074,1.39504531314553,"2014_2015_7_d100"
2014,2015,8,31,0.897687774465145,0.400715496383392,0.621160045985807,1.10350857111823,"2014_2015_8_d100"
2014,2016,6,30,1.32706689513348,0.562745767883676,0.692295937238548,0.952916605001307,"2014_2016_6_d100"
2014,2016,7,31,0.920775398489784,0.598516578253724,0.868058276027163,1.14803361147741,"2014_2016_7_d100"
2014,2016,8,31,0.658222881380094,0.455138295105785,0.587898587079164,0.799151975126573,"2014_2016_8_d100"
2017,2007,8,1,0.983153915405275,0.559660339355467,0.346090698242186,0.318998718261717,"2017_2007_8_d100"
2019,2005,7,1,1.33770645141601,0.999712829589843,0.618191604614257,1.30746925354004,"2019_2005_7_d100"
2019,2006,6,1,0.589469833374025,0.0816326904296858,0.941240386962889,0.896325988769533,"2019_2006_6_d100"
2019,2006,8,1,1.08685264587402,0.288907623291017,0.212099456787108,1.02370414733887,"2019_2006_8_d100"
2019,2007,7,1,2.15577789306641,1.62066741943359,1.7252645111084,2.59376426696777,"2019_2007_7_d100"
2019,2008,6,1,3.27733650207519,2.79262390136719,2.5726016998291,2.3607048034668,"2019_2008_6_d100"
2019,2008,8,1,1.40090370178223,1.34370803833008,1.42917442321777,1.99610137939453,"2019_2008_8_d100"
2019,2009,7,1,1.2044506072998,1.45649909973145,0.544515609741211,1.65067481994629,"2019_2009_7_d100"
2019,2009,8,1,0.750064849853516,0.800769805908203,0.0436210632324219,0.0640201568603516,"2019_2009_8_d100"
2019,2010,6,1,0.108848571777344,0.456892013549805,0.541759490966797,0.555391311645508,"2019_2010_6_d100"
2019,2010,8,1,0.470455932617188,0.215621185302734,0.71255989074707,0.443383026123048,"2019_2010_8_d100"
2019,2011,7,1,0.0328701019287116,0.244963836669921,0.098033142089843,0.453127670288087,"2019_2011_7_d100"
2019,2012,6,2,0.288097292183196,0.0632348982154167,0.377286430261932,0.890571252031811,"2019_2012_6_d100"
2019,2012,7,1,1.74629669189453,1.07263450622559,1.51664428710938,1.92943458557129,"2019_2012_7_d100"
2019,2012,8,2,0.475687665849648,0.402309859201201,0.306236847291433,0.64525913754264,"2019_2012_8_d100"
2019,2013,7,1,0.855036544799802,0.599129486083982,1.98911933898925,1.06441574096679,"2019_2013_7_d100"
2019,2014,6,1,0.623938674926755,0.424744720458982,0.0632561492919947,0.173760528564451,"2019_2014_6_d100"
2019,2014,8,1,0.867837905883789,0.69354248046875,0.00736236572265625,1.03694915771484,"2019_2014_8_d100"
2019,2015,6,1,1.97394371032715,2.35762405395508,3.08654594421387,2.04594421386719,"2019_2015_6_d100"
2019,2015,7,1,2.52974006652832,2.14546653747558,1.97136947631836,1.98086044311523,"2019_2015_7_d100"
2019,2015,8,1,0.678828430175781,0.788926315307616,0.228812408447265,1.23073310852051,"2019_2015_8_d100"
2019,2016,6,2,4.94355130246694,3.99094723730532,4.48975699008084,4.40045159211927,"2019_2016_6_d100"
2019,2016,7,1,2.13415718078613,2.23698043823242,1.96681022644043,2.55187606811523,"2019_2016_7_d100"
2019,2016,8,1,0.800057067871094,0.861878051757813,0.730126037597657,1.35163749694824,"2019_2016_8_d100"
2020,2005,6,1,3.59063621520996,3.06034942626953,3.37222381591797,3.48679061889649,"2020_2005_6_d100"
2020,2005,8,1,1.08052764892578,1.72139297485352,0.96036277770996,1.78688369750977,"2020_2005_8_d100"
2020,2006,6,1,3.88130409240723,2.55017311096191,2.51306182861328,3.80363494873047,"2020_2006_6_d100"
2020,2006,7,1,1.3294425201416,1.61740829467774,1.68180419921875,2.91402008056641,"2020_2006_7_d100"
2020,2006,8,1,1.91067291259765,2.48488784790039,2.17852188110351,2.71767784118652,"2020_2006_8_d100"
2020,2007,7,1,3.70762107849121,3.09623764038086,3.15194557189941,3.83400390625,"2020_2007_7_d100"
2020,2007,8,1,2.65618324279785,2.45919418334961,2.29151725769043,3.10409927368164,"2020_2007_8_d100"
2020,2008,6,1,3.72020736694336,2.69466415405273,2.6965104675293,2.74941459655762,"2020_2008_6_d100"
2020,2008,7,1,2.50263336181641,2.02673843383789,1.8742497253418,2.30945899963379,"2020_2008_7_d100"
2020,2008,8,1,2.84541122436523,2.1292170715332,1.99450103759765,2.44035140991211,"2020_2008_8_d100"
2020,2009,6,1,4.04047554016113,1.64272277832031,1.74441116333008,2.98124664306641,"2020_2009_6_d100"
2020,2009,7,1,3.7082438659668,2.79508926391602,2.21609642028809,3.51501800537109,"2020_2009_7_d100"
2020,2009,8,1,3.26582328796387,3.20467559814453,3.6946467590332,3.70093338012695,"2020_2009_8_d100"
2020,2010,6,1,3.8041032409668,2.62060104370117,2.08248268127441,2.92749153137207,"2020_2010_6_d100"
2020,2010,7,1,2.72989021301269,2.79646812438965,2.58422409057617,1.43918357849121,"2020_2010_7_d100"
2020,2011,7,1,3.10483726501464,2.55056365966797,2.37169250488281,2.72087463378906,"2020_2011_7_d100"
2020,2012,7,1,1.53737701416016,2.29389251708984,1.1364485168457,1.79494918823242,"2020_2012_7_d100"
2020,2013,7,1,3.33868751525879,2.83978042602539,2.38950500488281,3.93562660217285,"2020_2013_7_d100"
2020,2013,8,1,2.78612274169922,2.98944229125977,2.78918975830078,3.39126342773438,"2020_2013_8_d100"
2020,2014,6,1,2.37091957092285,2.42925201416016,2.23051582336426,2.96702133178711,"2020_2014_6_d100"
2020,2014,7,1,4.07327705383301,3.08995109558106,2.80499130249024,4.07931762695313,"2020_2014_7_d100"
2020,2014,8,1,3.72952575683594,2.95403594970703,2.70776672363282,3.2004825592041,"2020_2014_8_d100"
2020,2015,6,1,2.27063156127929,0.274404296874998,0.319820175170896,1.73509765625,"2020_2015_6_d100"
2020,2015,7,1,3.71740486145019,2.83914138793945,2.13240386962891,3.62800933837891,"2020_2015_7_d100"
2020,2016,7,1,3.14828224182129,2.87195129394532,2.83595962524414,3.42867584228516,"2020_2016_7_d100"
2020,2016,8,1,2.23008125305176,2.16593521118164,2.0750023651123,2.34611862182617,"2020_2016_8_d100"
2021,2005,7,2,1.03773190692028,0.952618635171942,0.937176536367979,0.914237758039799,"2021_2005_7_d100"
2021,2006,6,1,1.15685165405273,0.14340103149414,0.745320434570313,0.605017547607421,"2021_2006_6_d100"
2021,2006,8,1,0.957747573852537,0.79793273925781,0.757504577636716,0.793303604125974,"2021_2006_8_d100"
2021,2007,7,1,1.48124504089355,1.47162818908691,1.09985733032227,1.55946731567383,"2021_2007_7_d100"
2021,2008,6,1,2.20336944580078,2.33737594604492,1.27280075073242,1.37845260620117,"2021_2008_6_d100"
2021,2008,8,1,1.87173027038574,1.81155342102051,0.692254486083982,1.98201889038086,"2021_2008_8_d100"
2021,2009,7,1,1.12376976013184,1.1016845703125,0.265695571899414,0.755254745483398,"2021_2009_7_d100"
2021,2009,8,1,0.305583572387697,0.096315765380858,0.373423004150389,0.328870391845705,"2021_2009_8_d100"
2021,2010,6,1,1.37596092224121,1.08308944702149,2.51030311584473,0.363172149658205,"2021_2010_6_d100"
2021,2010,7,1,0.16936912536621,0.258280181884764,0.458979034423827,0.324477767944337,"2021_2010_7_d100"
2021,2010,8,1,0.594528579711913,0.0829700469970689,0.9071346282959,0.432930374145506,"2021_2010_8_d100"
2021,2011,7,1,0.773195877075196,0.464613571166993,1.17356170654297,0.0672842407226568,"2021_2011_7_d100"
2021,2012,6,2,0.314408364501779,0.202128133597449,1.12660935092292,0.0965118609801402,"2021_2012_6_d100"
2021,2012,7,1,0.114079284667969,0.0543945312500007,0.347014617919921,0.117550659179688,"2021_2012_7_d100"
2021,2012,8,2,0.21234108327985,0.357777496827552,0.900635166055547,0.125754174120489,"2021_2012_8_d100"
2021,2013,6,2,1.34695580678753,0.843449535726142,0.210748592500394,1.02356835977333,"2021_2013_6_d100"
2021,2013,7,3,0.956792672549963,1.15740593001032,1.81563885024318,0.916374218270349,"2021_2013_7_d100"
2021,2013,8,1,0.591964340209962,0.914645767211915,0.0289073944091811,0.641976928710939,"2021_2013_8_d100"
2021,2014,6,2,0.959067382113088,1.32181228597843,0.432204695109438,1.06087689109301,"2021_2014_6_d100"
2021,2014,7,1,1.5879581451416,1.2111442565918,0.802922058105469,1.07639198303223,"2021_2014_7_d100"
2021,2014,8,3,1.66165046248741,1.74549480735173,1.86461269114136,1.49834873648345,"2021_2014_8_d100"
2021,2015,6,3,0.520917263321174,0.673365415983894,1.49546786349853,0.858640204037843,"2021_2015_6_d100"
2021,2015,7,3,0.911755540999617,0.764547891752447,0.573840487648423,0.575910783017459,"2021_2015_7_d100"
2021,2015,8,3,1.04920442229843,1.05051260638809,0.490364208651666,0.894996071291554,"2021_2015_8_d100"
2021,2016,6,3,2.17335277054129,2.00046235663023,1.72953922866155,1.80375067105531,"2021_2016_6_d100"
2021,2016,7,3,1.37275306947799,1.15839822738762,1.13938692840538,0.993156547405572,"2021_2016_7_d100"
2021,2016,8,3,1.16307845873992,0.867459666688154,0.72056465137502,1.24985177510069,"2021_2016_8_d100"
2023,2005,6,1,2.61132377624511,3.25841659545898,1.67391914367676,2.24073356628418,"2023_2005_6_d100"
2023,2005,8,1,0.201538925170901,1.17634475708008,0.519040222167966,1.35197937011718,"2023_2005_8_d100"
2023,2006,6,1,3.05973884582519,2.51622650146484,1.1324755859375,2.65912124633789,"2023_2006_6_d100"
2023,2006,7,1,0.905921401977537,2.15093559265136,0.797269287109373,1.42522186279297,"2023_2006_7_d100"
2023,2006,8,1,1.21204925537109,2.82891250610351,1.33480812072754,0.413992156982424,"2023_2006_8_d100"
2023,2007,7,1,2.40207847595215,3.62765106201172,2.03301414489746,1.40913948059082,"2023_2007_7_d100"
2023,2007,8,1,2.58019805908203,3.3277719116211,1.88601470947266,1.26423049926758,"2023_2007_8_d100"
2023,2008,6,1,3.17948471069336,2.89252410888672,1.68705497741699,2.22099243164062,"2023_2008_6_d100"
2023,2008,7,1,1.71924217224121,2.18403060913086,1.23414810180664,1.07696159362793,"2023_2008_7_d100"
2023,2008,8,1,2.39084022521973,2.7679077911377,1.44970291137695,1.17882125854492,"2023_2008_8_d100"
2023,2009,6,1,4.03484092712402,2.5394376373291,1.56645332336426,2.72013031005859,"2023_2009_6_d100"
2023,2009,7,1,3.06289413452149,3.09813621520996,1.87765625,2.28855255126953,"2023_2009_7_d100"
2023,2009,8,1,2.51459091186523,3.8611408996582,2.4443871307373,2.45946662902832,"2023_2009_8_d100"
2023,2010,6,1,2.71662101745606,3.65088043212891,1.23017654418945,1.14291534423828,"2023_2010_6_d100"
2023,2010,7,1,1.64155235290527,3.37519493103027,1.75586357116699,0.267759704589842,"2023_2010_7_d100"
2023,2011,7,1,2.07739883422851,3.20248275756836,1.78719001770019,1.22970062255859,"2023_2011_7_d100"
2023,2012,7,1,0.880836486816406,2.23619842529297,0.506374359130859,0.546318054199219,"2023_2012_7_d100"
2023,2013,7,1,1.24202796936035,2.56838104248047,0.84883949279785,1.58249160766601,"2023_2013_7_d100"
2023,2013,8,1,1.15146141052246,2.09034614562988,0.55216293334961,1.82224349975586,"2023_2013_8_d100"
2023,2014,6,1,1.10865165710449,1.35255004882812,0.269585113525391,1.02222778320312,"2023_2014_6_d100"
2023,2014,7,1,1.39386070251465,2.40285766601562,0.635855560302733,0.554381256103515,"2023_2014_7_d100"
2023,2014,8,1,1.21579689025879,1.73333114624024,0.267535629272462,0.0953077697753919,"2023_2014_8_d100"
2023,2015,6,1,1.12932899475098,0.404540328979493,1.01440879821777,0.126220016479493,"2023_2015_6_d100"
2023,2015,7,1,1.0225,1.90550132751465,0.0313024902343741,0.521267852783204,"2023_2015_7_d100"
2023,2016,7,1,1.68124038696289,2.2947486114502,1.2986205291748,1.13289482116699,"2023_2016_7_d100"
2023,2016,8,1,0.947357254028319,1.48551376342773,0.0610179138183611,0.412612838745119,"2023_2016_8_d100"
2027,2005,6,1,0.430822982788087,0.241127624511719,1.34527908325195,0.50433479309082,"2027_2005_6_d100"
2027,2005,8,1,1.40933143615723,0.391898269653321,3.20649444580078,3.27811920166016,"2027_2005_8_d100"
2027,2006,6,1,1.06016700744629,0.0665242004394528,1.21403343200684,0.487905197143554,"2027_2006_6_d100"
2027,2006,7,1,1.07534111022949,0.815817718505858,3.51686370849609,2.13600814819336,"2027_2006_7_d100"
2027,2006,8,1,1.02528358459472,0.712053070068357,2.56009460449219,3.49457336425781,"2027_2006_8_d100"
2027,2007,7,1,3.16906150817871,3.59479507446289,1.86452850341797,1.51530822753906,"2027_2007_7_d100"
2027,2007,8,1,1.73302467346191,2.13268287658691,0.458642883300783,0.136899871826174,"2027_2007_8_d100"
2027,2008,6,1,0.358085708618162,0.378326339721681,2.27220718383789,0.606624526977541,"2027_2008_6_d100"
2027,2008,7,1,0.7373543548584,0.0899447631835919,2.4743099975586,1.78857048034668,"2027_2008_7_d100"
2027,2008,8,1,0.597577438354492,0.454505310058593,2.32872138977051,2.05817352294922,"2027_2008_8_d100"
2027,2009,6,1,0.565161743164065,2.04331680297851,2.80768295288086,0.748818359374997,"2027_2009_6_d100"
2027,2009,7,1,0.330498352050782,0.535814895629883,2.00328887939453,0.991573944091797,"2027_2009_7_d100"
2027,2009,8,1,0.439831008911131,1.07888435363769,0.417649993896486,0.653188476562502,"2027_2009_8_d100"
2027,2010,6,1,0.651600494384763,0.913063659667966,2.1078256225586,1.37671218872071,"2027_2010_6_d100"
2027,2010,7,1,1.40807670593261,0.547673645019529,2.21059364318847,4.07641357421875,"2027_2010_7_d100"
2027,2011,7,1,0.439991073608397,0.253492279052736,1.97547157287597,2.10746391296387,"2027_2011_7_d100"
2027,2012,7,1,1.91353149414063,0.745429229736331,3.71959609985352,3.7986557006836,"2027_2012_7_d100"
2027,2012,8,1,1.14495964050293,0.376277160644531,2.82235260009766,2.13601608276367,"2027_2012_8_d100"
2027,2013,7,1,1.20688087463379,0.353035278320313,3.41918975830078,2.84176666259766,"2027_2013_7_d100"
2027,2013,8,1,1.20870658874512,0.376631469726561,2.12399169921875,1.46044418334961,"2027_2013_8_d100"
2027,2014,6,1,0.571763153076173,0.938893432617188,1.95282852172852,0.681935424804688,"2027_2014_6_d100"
2027,2014,7,1,0.576917037963867,0.396750793457031,2.42983184814453,1.95523391723633,"2027_2014_7_d100"
2027,2014,8,1,1.94300842285156,1.81948471069336,3.29646110534668,3.15044403076172,"2027_2014_8_d100"
2027,2015,6,1,0.437452926635743,0.86359848022461,3.80133499145508,2.10559143066406,"2027_2015_6_d100"
2027,2015,7,1,0.352180404663084,0.145835800170897,2.3271044921875,1.16316024780273,"2027_2015_7_d100"
2027,2016,7,1,0.438444213867186,0.0292033386230486,2.17918212890625,1.38651092529297,"2027_2016_7_d100"
2027,2016,8,1,1.37938171386719,0.831459579467776,3.1928125,2.81602149963379,"2027_2016_8_d100"
2030,2005,6,1,2.03314125061035,1.78829872131348,1.22231399536133,2.356083984375,"2030_2005_6_d100"
2030,2005,8,1,0.063550262451173,0.799346237182618,0.35067108154297,0.595105438232423,"2030_2005_8_d100"
2030,2006,6,1,3.10444297790527,2.01027336120605,2.87030830383301,3.1623233795166,"2030_2006_6_d100"
2030,2006,7,1,1.36731842041016,1.58771255493164,0.64840057373047,2.50512054443359,"2030_2006_7_d100"
2030,2006,8,1,1.03276100158691,1.70822372436523,2.0706657409668,1.97220840454101,"2030_2006_8_d100"
2030,2007,7,1,2.04725730895996,1.821650390625,2.03621566772461,2.26029479980469,"2030_2007_7_d100"
2030,2007,8,1,2.30528045654297,1.97174240112305,1.03262878417969,2.7125146484375,"2030_2007_8_d100"
2030,2008,6,1,2.12933288574219,1.41013084411621,0.753020629882812,0.852408752441406,"2030_2008_6_d100"
2030,2008,7,1,0.98006889343262,0.593691558837893,0.629856796264651,0.165965347290037,"2030_2008_7_d100"
2030,2008,8,1,0.804382095336916,0.175138244628908,0.171571502685548,0.323796997070314,"2030_2008_8_d100"
2030,2009,6,1,2.00190116882325,0.2893147277832,0.862247924804684,0.401946563720706,"2030_2009_6_d100"
2030,2009,7,1,1.76894096374512,1.01139167785644,0.0241479492187509,1.60543731689453,"2030_2009_7_d100"
2030,2009,8,1,3.08833106994629,2.81420501708984,2.5420378112793,3.33736785888672,"2030_2009_8_d100"
2030,2010,6,1,2.76229927062988,1.9678084564209,1.06154891967773,1.42706939697266,"2030_2010_6_d100"
2030,2010,7,1,0.877177505493165,1.29791000366211,0.673001556396486,0.695896835327147,"2030_2010_7_d100"
2030,2010,8,1,1.783818359375,1.44769203186035,0.928229446411134,2.07220184326172,"2030_2010_8_d100"
2030,2011,6,1,1.69389381408691,1.55159225463867,0.511280441284178,0.517996215820311,"2030_2011_6_d100"
2030,2011,7,1,0.836944656372072,0.800279693603517,0.113409118652346,0.0780200195312482,"2030_2011_7_d100"
2030,2011,8,2,0.209779865279081,1.46460287748426,1.6202587667457,0.814380281523242,"2030_2011_8_d100"
2030,2012,6,1,0.976795425415041,0.0161325836181661,0.108403930664061,0.116754302978514,"2030_2012_6_d100"
2030,2012,7,1,0.189644241333006,1.36492767333984,0.875685119628905,0.605527496337892,"2030_2012_7_d100"
2030,2012,8,1,0.106905136108399,0.0571363830566405,1.78784164428711,0.0629270935058592,"2030_2012_8_d100"
2030,2013,6,1,2.66261505126953,0.962152709960939,1.3291056060791,0.970461120605471,"2030_2013_6_d100"
2030,2013,7,1,1.7306965637207,1.68313301086426,2.26653564453125,2.51911056518555,"2030_2013_7_d100"
2030,2013,8,1,1.48342170715332,2.25769271850586,2.28885498046875,2.23132553100586,"2030_2013_8_d100"
2030,2014,6,1,1.26360717773438,1.62878623962402,0.44375244140625,1.91860595703125,"2030_2014_6_d100"
2030,2014,7,1,2.22374870300293,1.60927154541016,1.23372604370117,2.39057113647461,"2030_2014_7_d100"
2030,2014,8,2,1.56850654905163,1.03602575026482,0.684841457590952,1.3641987759222,"2030_2014_8_d100"
2030,2015,6,1,1.37631042480469,0.00993148803710753,1.22517211914063,0.194408493041994,"2030_2015_6_d100"
2030,2015,7,1,3.6462850189209,2.9614533996582,1.9028596496582,3.59272094726563,"2030_2015_7_d100"
2030,2015,8,1,0.786038894653323,0.629605789184573,0.269262771606442,1.31014205932618,"2030_2015_8_d100"
2030,2016,6,1,3.20666030883789,2.39386276245117,2.20220283508301,2.7989111328125,"2030_2016_6_d100"
2030,2016,7,1,2.60955497741699,2.04869529724121,1.70211669921875,2.78280708312989,"2030_2016_7_d100"
2030,2016,8,2,1.31043748622248,1.38558769165779,0.976385842100604,1.51217007771405,"2030_2016_8_d100"
2031,2005,6,1,3.19991371154785,2.29087898254395,2.41711112976074,1.53869125366211,"2031_2005_6_d100"
2031,2005,8,1,1.05450752258301,0.34288146972656,0.720164566040037,2.36400726318359,"2031_2005_8_d100"
2031,2006,6,1,2.3392195892334,0.667384643554691,0.844979782104495,1.10118438720703,"2031_2006_6_d100"
2031,2006,7,1,0.245499191284182,0.62936836242676,0.934757766723635,0.641584930419924,"2031_2006_7_d100"
2031,2006,8,1,0.683242950439453,0.99905029296875,1.19033065795898,1.2766626739502,"2031_2006_8_d100"
2031,2007,7,1,1.86475318908692,1.05060905456543,1.46266311645508,0.0216813659667956,"2031_2007_7_d100"
2031,2007,8,1,1.63279251098633,1.1580419921875,1.73175910949707,0.0243978881835929,"2031_2007_8_d100"
2031,2008,6,1,2.04503440856934,0.370262145996094,0.593235015869141,0.0796070098876953,"2031_2008_6_d100"
2031,2008,7,1,0.757418975830078,0.394442901611328,0.491788253784179,0.870056762695313,"2031_2008_7_d100"
2031,2008,8,1,1.38869659423828,0.743120117187498,1.29997817993164,0.0679608154296893,"2031_2008_8_d100"
2031,2009,6,1,2.57722816467285,0.364168548583983,0.169372177124025,0.24223098754883,"2031_2009_6_d100"
2031,2009,7,1,1.72400917053223,0.468464508056641,0.709770812988282,0.0525582885742182,"2031_2009_7_d100"
2031,2009,8,1,2.47634185791016,2.13873924255371,2.86111511230469,1.05006278991699,"2031_2009_8_d100"
2031,2010,6,1,2.93831169128418,1.78290092468261,1.34942352294922,0.426091308593747,"2031_2010_6_d100"
2031,2010,7,1,0.686101684570314,0.567554244995119,0.74768997192383,2.44936584472656,"2031_2010_7_d100"
2031,2011,7,1,1.49164115905761,0.846446151733396,1.06873809814453,0.917286758422854,"2031_2011_7_d100"
2031,2012,7,1,1.0110521697998,0.425618133544923,0.93456558227539,2.40505508422851,"2031_2012_7_d100"
2031,2013,7,1,1.08763542175293,0.626272583007811,0.821443939208983,0.109986877441408,"2031_2013_7_d100"
2031,2013,8,1,1.36696174621582,2.0902912902832,2.11722114562988,1.03616836547852,"2031_2013_8_d100"
2031,2014,6,1,0.641155853271481,0.2664533996582,0.313587799072263,0.166945114135739,"2031_2014_6_d100"
2031,2014,7,1,1.88939888000488,0.734115905761719,1.02701599121094,0.0596882629394528,"2031_2014_7_d100"
2031,2014,8,1,1.41237113952637,0.387659530639649,0.956749420166016,0.641793746948242,"2031_2014_8_d100"
2031,2015,6,1,0.0679286193847659,1.74035102844238,1.50768692016602,2.42895156860352,"2031_2015_6_d100"
2031,2015,7,1,1.79687194824219,0.872605133056641,0.740860748291016,0.268219757080079,"2031_2015_7_d100"
2031,2016,7,1,1.45698127746582,0.522391891479494,1.50139770507813,0.0904735565185533,"2031_2016_7_d100"
2031,2016,8,2,3.33165984509635,3.54090531517648,3.11633628875221,4.2396277444518,"2031_2016_8_d100"
2033,2005,6,1,2.81923133850098,2.83818466186523,1.0141089630127,1.67661315917969,"2033_2005_6_d100"
2033,2005,8,1,0.971288909912111,0.772901763916018,1.20569778442383,1.76744819641113,"2033_2005_8_d100"
2033,2006,6,1,2.75380966186524,1.49668952941895,1.2655551147461,1.76356002807617,"2033_2006_6_d100"
2033,2006,7,1,1.61858360290528,1.58558456420899,0.49979202270508,0.702886505126955,"2033_2006_7_d100"
2033,2006,8,1,1.6305638885498,1.84491744995117,0.738903198242184,1.05104431152344,"2033_2006_8_d100"
2033,2007,7,1,2.89311317443848,2.27969459533691,1.71795562744141,0.760199584960937,"2033_2007_7_d100"
2033,2007,8,1,2.39793190002442,1.5342253112793,0.172794189453128,0.277750167846676,"2033_2007_8_d100"
2033,2008,6,1,3.03709693908691,1.69954200744629,1.02381797790527,1.00166030883789,"2033_2008_6_d100"
2033,2008,7,1,3.12487113952637,2.07742202758789,1.16454780578613,0.844839935302733,"2033_2008_7_d100"
2033,2008,8,1,3.25153434753418,1.7880638885498,1.35434997558594,0.825816040039062,"2033_2008_8_d100"
2033,2009,6,1,3.60730628967285,0.923767852783204,0.739826965332032,1.4005973815918,"2033_2009_6_d100"
2033,2009,7,1,3.25725891113281,1.74671890258789,1.44370414733887,1.32847549438477,"2033_2009_7_d100"
2033,2009,8,1,3.54551124572754,2.81777572631836,1.96320915222168,1.39017868041992,"2033_2009_8_d100"
2033,2010,6,1,2.5900089263916,1.77829284667969,1.18664474487305,0.331116485595704,"2033_2010_6_d100"
2033,2010,7,1,1.44064094543457,1.49042846679688,1.35196258544922,1.3945393371582,"2033_2010_7_d100"
2033,2010,8,1,2.26986671447754,1.24574447631836,0.78135467529297,0.336641082763673,"2033_2010_8_d100"
2033,2011,6,1,1.3787931060791,1.46463142395019,1.2817643737793,1.74916519165039,"2033_2011_6_d100"
2033,2011,7,1,2.40026985168457,1.74614082336426,0.989478454589843,0.0856755828857416,"2033_2011_7_d100"
2033,2011,8,2,0.427476296422755,1.85648518659577,2.03044933231615,2.1400160990021,"2033_2011_8_d100"
2033,2012,6,1,1.12333419799805,0.0679328155517567,0.528933258056639,0.233792037963866,"2033_2012_6_d100"
2033,2012,7,1,0.779124374389649,0.983323211669923,0.618128662109374,1.88385665893555,"2033_2012_7_d100"
2033,2012,8,1,0.94100257873535,0.109928817749022,0.870686798095704,1.57192352294922,"2033_2012_8_d100"
2033,2013,6,1,3.44705390930176,1.40924835205078,1.3733024597168,0.211383819580078,"2033_2013_6_d100"
2033,2013,7,1,1.50995079040527,1.5346452331543,0.334419403076172,0.183612670898437,"2033_2013_7_d100"
2033,2013,8,1,1.34818504333496,2.72650573730469,1.36908195495606,1.29138229370117,"2033_2013_8_d100"
2033,2014,6,1,0.735288009643554,0.649409637451171,0.212944641113282,0.358401641845703,"2033_2014_6_d100"
2033,2014,7,1,1.19603385925293,0.259367370605467,0.134460067749025,1.02314147949219,"2033_2014_7_d100"
2033,2014,8,2,1.42535048773984,0.844170152353643,1.77912153790912,0.599137205067236,"2033_2014_8_d100"
2033,2015,6,1,0.624195938110351,0.144856567382813,1.95695388793945,1.58396255493164,"2033_2015_6_d100"
2033,2015,7,1,1.89921157836914,1.10311096191406,0.177356414794922,0.121177368164062,"2033_2015_7_d100"
2033,2015,8,1,1.3644654083252,0.640731506347656,0.55134994506836,1.08722717285156,"2033_2015_8_d100"
2033,2016,6,1,1.57160743713379,0.918823089599609,1.15835586547852,0.835884246826172,"2033_2016_6_d100"
2033,2016,7,1,2.41032722473145,1.12147262573242,0.313109664916993,0.275195388793946,"2033_2016_7_d100"
2033,2016,8,3,1.60676936816549,2.10644366145585,2.32068920016428,2.58246767201256,"2033_2016_8_d100"
2034,2005,6,1,3.2969189453125,3.76416023254394,1.90736206054687,2.56380279541015,"2034_2005_6_d100"
2034,2005,8,1,0.151809921264647,1.41209243774414,0.665307769775392,1.41785217285156,"2034_2005_8_d100"
2034,2006,6,1,2.42551132202149,1.94343658447266,0.120900115966798,2.02584739685059,"2034_2006_6_d100"
2034,2006,7,1,0.247861480712888,1.69412002563476,0.309215927124026,0.41098937988281,"2034_2006_7_d100"
2034,2006,8,1,0.25293647766113,1.69583236694336,0.0474139404296849,1.3986996459961,"2034_2006_8_d100"
2034,2007,7,1,1.69639945983887,2.85224510192871,1.16239143371582,0.599416503906252,"2034_2007_7_d100"
2034,2007,8,1,1.63607437133789,2.59045059204102,0.806408233642578,0.277586288452149,"2034_2007_8_d100"
2034,2008,6,1,2.5795482635498,2.22919311523437,0.57609405517578,1.6040901184082,"2034_2008_6_d100"
2034,2008,7,1,1.337119140625,2.26152328491211,0.661814727783202,0.757962265014648,"2034_2008_7_d100"
2034,2008,8,1,1.45595046997071,2.09226486206055,0.52674743652344,0.337776870727541,"2034_2008_8_d100"
2034,2009,6,1,3.54036735534668,1.74956916809082,0.702406158447264,2.13900588989258,"2034_2009_6_d100"
2034,2009,7,1,2.19506355285645,2.27246948242188,0.912583312988282,1.50058837890625,"2034_2009_7_d100"
2034,2009,8,1,2.15161277770996,3.41319229125977,1.74499084472656,1.59328605651855,"2034_2009_8_d100"
2034,2010,6,1,2.21674339294434,3.03595916748047,0.371354980468752,0.478725357055666,"2034_2010_6_d100"
2034,2010,7,1,0.488213882446288,2.16129623413086,0.576428756713867,1.05942596435547,"2034_2010_7_d100"
2034,2011,7,1,1.11269943237305,2.28832809448242,0.576570434570311,0.159158630371092,"2034_2011_7_d100"
2034,2012,7,1,0.539896621704102,1.05073486328125,1.05264533996582,1.95816101074219,"2034_2012_7_d100"
2034,2013,7,1,1.32893562316895,2.87118148803711,0.575675964355469,0.488218307495117,"2034_2013_7_d100"
2034,2013,8,1,1.7492911529541,2.9486262512207,0.988642425537108,2.12950584411621,"2034_2013_8_d100"
2034,2014,6,1,1.75199760437012,1.86182083129883,0.0687490844726568,1.55676712036133,"2034_2014_6_d100"
2034,2014,7,1,1.78041854858398,2.7410661315918,0.762855682373047,0.814607772827149,"2034_2014_7_d100"
2034,2014,8,1,1.07745429992676,1.71748611450196,0.0304743957519555,0.0979563903808618,"2034_2014_8_d100"
2034,2015,6,1,0.477289428710936,0.14357208251953,1.75201393127442,0.660062561035158,"2034_2015_6_d100"
2034,2015,7,1,1.64654685974121,2.41076232910157,0.2075114440918,1.06704093933106,"2034_2015_7_d100"
2034,2016,7,1,1.44011940002441,2.21536125183105,0.900189056396481,0.846968307495114,"2034_2016_7_d100"
2034,2016,8,1,0.224195709228518,1.24840759277344,0.691552886962889,0.924632797241209,"2034_2016_8_d100"
2035,2016,8,1,4.2950203704834,4.67331436157227,6.278779296875,5.81290939331055,"2035_2016_8_d100"
2036,2005,6,2,0.982742688742021,2.06405993093485,1.4389556078486,1.6470788818735,"2036_2005_6_d100"
2036,2005,8,2,1.84465589868803,1.8187566056313,1.37421995967086,1.57803296530929,"2036_2005_8_d100"
2036,2006,6,2,1.40141413588332,0.760001701209999,1.63242691016273,1.43398074619596,"2036_2006_6_d100"
2036,2006,7,2,1.07024151177589,1.06279158046911,0.579226837428992,1.30371278179612,"2036_2006_7_d100"
2036,2006,8,2,1.57594983013733,2.31732023396818,1.53367737880347,2.11768628493556,"2036_2006_8_d100"
2036,2007,7,1,2.46430625915527,3.50945892333984,2.17907180786133,3.21027793884277,"2036_2007_7_d100"
2036,2007,8,1,0.781215286254884,1.35185012817383,1.37848892211914,1.3560043334961,"2036_2007_8_d100"
2036,2008,6,1,1.83996536254883,1.82644989013672,0.633777160644534,1.45332290649414,"2036_2008_6_d100"
2036,2008,7,1,1.56572532653809,1.66839408874512,0.706066131591797,1.54497528076172,"2036_2008_7_d100"
2036,2008,8,1,2.09793746948242,2.1517342376709,1.25674903869629,2.49598014831543,"2036_2008_8_d100"
2036,2009,6,1,2.55885154724121,1.86854583740234,0.834339447021485,1.35307723999023,"2036_2009_6_d100"
2036,2009,7,1,1.57130302429199,1.76253570556641,1.17950500488281,1.73410095214844,"2036_2009_7_d100"
2036,2009,8,1,1.35144874572754,2.29032012939453,0.971972198486327,1.82064888000488,"2036_2009_8_d100"
2036,2010,6,1,1.91944328308106,2.38161674499512,0.660545501708988,1.71518531799317,"2036_2010_6_d100"
2036,2010,7,1,1.02490837097168,2.67671806335449,1.01922256469727,1.20873291015625,"2036_2010_7_d100"
2036,2010,8,1,0.387651138305664,0.856389694213867,0.102615051269531,1.29719512939453,"2036_2010_8_d100"
2036,2011,6,1,0.0703459930419932,1.47067367553711,1.63778579711914,0.547663574218749,"2036_2011_6_d100"
2036,2011,7,1,1.70316215515137,2.55608459472656,1.214638671875,1.86958404541016,"2036_2011_7_d100"
2036,2011,8,2,2.23509764774755,0.519963683075504,1.36877505206105,1.14546628139701,"2036_2011_8_d100"
2036,2012,6,1,1.97858551025391,2.06102684020996,2.17300537109375,1.51281478881836,"2036_2012_6_d100"
2036,2012,7,1,0.805639419555664,2.1326448059082,0.196014556884766,1.44264617919922,"2036_2012_7_d100"
2036,2012,8,1,1.22403602600098,0.0405265808105462,1.02758483886719,0.0653656005859382,"2036_2012_8_d100"
2036,2013,6,1,1.1409147644043,1.29895004272461,1.19075218200684,0.697975006103515,"2036_2013_6_d100"
2036,2013,7,1,0.944507369995119,1.7275235748291,1.15284942626953,1.67847229003906,"2036_2013_7_d100"
2036,2013,8,1,0.0947489166259778,1.39500099182129,1.30299812316894,1.19029861450195,"2036_2013_8_d100"
2036,2014,6,1,0.117738876342774,0.565712127685547,0.476446304321289,1.0113011932373,"2036_2014_6_d100"
2036,2014,7,1,1.55033485412597,1.98410980224609,0.491868896484373,1.7881640625,"2036_2014_7_d100"
2036,2014,8,2,1.58223229870254,0.586877006427405,0.57896733334858,0.930255981103425,"2036_2014_8_d100"
2036,2015,6,1,0.216025161743165,0.88858871459961,0.576601791381837,0.798937606811524,"2036_2015_6_d100"
2036,2015,7,1,0.946202011108397,1.26215240478516,0.0216033172607411,0.430021972656249,"2036_2015_7_d100"
2036,2015,8,1,0.458639602661133,0.0505795288085942,1.31335494995117,0.328238983154296,"2036_2015_8_d100"
2036,2016,6,1,0.309751052856448,0.653073806762698,0.252170104980472,0.261048812866214,"2036_2016_6_d100"
2036,2016,7,1,1.29090065002442,1.40430587768555,0.495255889892579,1.46828598022461,"2036_2016_7_d100"
2036,2016,8,2,0.441910889090724,0.521665860391709,1.46259997735121,0.724042922840081,"2036_2016_8_d100"
2037,2005,6,30,0.682735775840576,0.500765937776241,0.699272617820843,0.757453261784648,"2037_2005_6_d100"
2037,2005,7,27,0.800377229650769,0.59575804957211,0.893714328310704,1.22943082811052,"2037_2005_7_d100"
2037,2005,8,31,0.857472933748058,0.708873401088742,1.23485459953904,1.29709843565538,"2037_2005_8_d100"
2037,2006,6,28,1.00412769112759,0.744319910866815,0.832987752504453,1.1199266300271,"2037_2006_6_d100"
2037,2006,7,31,0.584165697533217,0.680706273221783,0.813468204739293,1.64181850568801,"2037_2006_7_d100"
2037,2006,8,31,0.737824275570576,0.401139929221529,0.948223014211088,1.106644787422,"2037_2006_8_d100"
2037,2007,6,30,0.764100495671867,0.462144877845336,0.700532831468484,1.5344847439783,"2037_2007_6_d100"
2037,2007,7,31,0.638302742888873,0.463376471534145,0.97680326097406,1.3586237978367,"2037_2007_7_d100"
2037,2007,8,31,0.560910051495281,0.374549027818861,0.874367726146286,0.954225123089635,"2037_2007_8_d100"
2037,2008,6,27,0.863174755015399,0.497347867969072,0.494832370987605,0.759303981780537,"2037_2008_6_d100"
2037,2008,7,31,0.832518891751146,0.631790030697082,0.709658677881506,0.975665362509448,"2037_2008_7_d100"
2037,2008,8,31,0.619263114836694,0.349095046479962,0.744558858331823,0.850620469858696,"2037_2008_8_d100"
2037,2009,6,28,0.631803883438934,0.472484240050888,0.709906786853618,0.969336506800713,"2037_2009_6_d100"
2037,2009,7,31,0.707402316739409,0.471076259469987,0.779550992780296,0.890896205742263,"2037_2009_7_d100"
2037,2009,8,31,0.956889982993247,0.56621975677636,0.677340223082516,1.33458981159071,"2037_2009_8_d100"
2037,2010,6,30,0.725781850708613,0.426449746719084,0.788295860911916,1.09995522748911,"2037_2010_6_d100"
2037,2010,7,31,0.967047657234331,0.676544637852877,1.02768263637705,1.14229611721532,"2037_2010_7_d100"
2037,2010,8,31,0.738591301488141,0.466831890691319,0.873356589542088,1.07568152859858,"2037_2010_8_d100"
2037,2011,6,30,0.629827096194371,0.471955201950713,0.662789355644389,1.45074194843126,"2037_2011_6_d100"
2037,2011,7,31,1.25479381622076,0.812034119210634,0.963374178181152,1.07148212801569,"2037_2011_7_d100"
2037,2011,8,31,1.10533985582889,0.856653218049295,0.992997901449131,1.13350727656093,"2037_2011_8_d100"
2037,2012,6,30,0.81807797044841,0.395203412637522,0.687108371995727,0.986327174219602,"2037_2012_6_d100"
2037,2012,7,31,0.98519124657939,0.555226458570981,0.901287218782092,0.800783407444967,"2037_2012_7_d100"
2037,2012,8,31,0.508372696828209,0.309670829170148,0.618258227070349,0.557395325882872,"2037_2012_8_d100"
2037,2013,6,30,0.816085214882171,0.721316156022371,0.584073409022945,0.77977911836137,"2037_2013_6_d100"
2037,2013,7,31,0.707319645687272,0.592900561050455,0.818122418738525,0.966698350016736,"2037_2013_7_d100"
2037,2013,8,31,0.602736674827009,0.707983022738958,0.967706616393628,0.986257939509835,"2037_2013_8_d100"
2037,2014,6,30,0.626599183670496,0.412792297877993,0.54202987281985,1.18646520569601,"2037_2014_6_d100"
2037,2014,7,31,0.631436060191165,0.326813779732801,0.712614312362383,1.23057100052229,"2037_2014_7_d100"
2037,2014,8,31,0.663821208808755,0.528547374481272,0.988660872461193,1.23473602804349,"2037_2014_8_d100"
2037,2015,6,30,0.969646548549179,0.657879096244632,0.567704989790975,1.04893846796081,"2037_2015_6_d100"
2037,2015,7,31,1.02262521909603,0.734293432483235,0.430892989222806,0.485668237423132,"2037_2015_7_d100"
2037,2015,8,31,0.73734083793164,0.417645588130819,0.455450826688276,0.805057756446873,"2037_2015_8_d100"
2037,2016,6,27,1.06619955015521,0.752788100216314,0.686431608862148,0.818231627801025,"2037_2016_6_d100"
2037,2016,7,30,0.784656427924812,0.58666012729873,0.972115272299589,0.865997665383302,"2037_2016_7_d100"
2037,2016,8,31,1.1064242162847,0.774552032355305,0.535046876491649,0.648254666727322,"2037_2016_8_d100"
2040,2016,7,1,2.8923486328125,1.84583602905273,3.03888069152832,4.56408058166504,"2040_2016_7_d100"
2040,2016,8,2,3.08465471267019,1.90451227457748,3.34212548254308,4.5325680184638,"2040_2016_8_d100"
2044,2005,6,1,0.981104049682617,1.18563095092773,0.355182800292969,1.82702270507813,"2044_2005_6_d100"
2044,2005,8,1,0.055363769531251,0.848509674072265,0.686751251220702,0.885485534667968,"2044_2005_8_d100"
2044,2006,6,1,0.905542373657227,1.25290298461914,0.821271896362305,2.59616088867188,"2044_2006_6_d100"
2044,2006,7,1,0.0829946899414047,1.02651809692383,0.109308013916017,3.00993560791015,"2044_2006_7_d100"
2044,2006,8,1,1.50766777038574,1.98949264526367,2.11240600585938,2.42860244750977,"2044_2006_8_d100"
2044,2007,7,1,1.12187141418457,1.09106201171875,0.668635787963868,3.22471946716309,"2044_2007_7_d100"
2044,2007,8,1,1.81249626159668,1.82046516418457,1.22233016967773,2.65501220703125,"2044_2007_8_d100"
2044,2008,6,1,0.788574752807619,1.66469436645508,0.994482574462893,1.76315933227539,"2044_2008_6_d100"
2044,2008,7,1,1.36472618103027,1.76606857299805,1.53036987304688,2.71994506835938,"2044_2008_7_d100"
2044,2008,8,1,1.91557991027832,1.67449104309082,1.42692672729492,2.5766650390625,"2044_2008_8_d100"
2044,2009,6,1,2.07876121520996,1.1304866027832,1.03283798217773,2.74287712097168,"2044_2009_6_d100"
2044,2009,7,1,1.05844779968262,0.45431610107422,0.799271545410157,0.134444274902343,"2044_2009_7_d100"
2044,2009,8,1,1.03049987792969,2.07672256469727,1.60829872131348,3.1143278503418,"2044_2009_8_d100"
2044,2010,6,1,2.72289756774902,2.80237487792969,1.49011138916016,3.37377075195312,"2044_2010_6_d100"
2044,2010,7,1,1.63323799133301,2.14066711425781,2.20306793212891,2.3628751373291,"2044_2010_7_d100"
2044,2011,7,1,0.360899124145508,0.00421539306640639,0.168302688598633,0.814075317382812,"2044_2011_7_d100"
2044,2012,7,1,0.733483352661136,1.31242660522461,0.847209014892581,1.14233116149903,"2044_2012_7_d100"
2044,2013,7,1,0.270522232055665,0.89819061279297,0.563170318603515,1.33344375610352,"2044_2013_7_d100"
2044,2013,8,1,0.298710174560547,1.2245442199707,0.79856460571289,2.0181462097168,"2044_2013_8_d100"
2044,2014,6,1,0.0364232635498034,0.854863586425783,0.507012786865236,1.68535369873047,"2044_2014_6_d100"
2044,2014,7,1,1.20749351501465,1.09640762329102,0.529974670410159,2.41445610046387,"2044_2014_7_d100"
2044,2014,8,1,1.41234062194824,1.49402282714844,1.08739326477051,2.4720654296875,"2044_2014_8_d100"
2044,2015,6,1,0.502491531372073,0.332569656372073,1.27978569030762,0.694823684692381,"2044_2015_6_d100"
2044,2015,7,1,0.361386947631836,0.364627532958984,0.307030029296875,1.28250854492187,"2044_2015_7_d100"
2044,2016,7,1,1.39729537963867,1.62904205322265,1.67773475646973,2.57792510986328,"2044_2016_7_d100"
2044,2016,8,1,0.636158905029298,0.758397064208985,0.159951171875001,1.05178161621094,"2044_2016_8_d100"
2046,2005,6,1,0.405329895019534,0.0539710998535128,0.631798934936526,0.889121246337893,"2046_2005_6_d100"
2046,2005,8,1,3.79983879089355,2.00733352661133,1.33164001464844,1.92574478149414,"2046_2005_8_d100"
2046,2006,6,1,0.0794605255126939,0.898282623291017,1.40777168273926,0.210874176025392,"2046_2006_6_d100"
2046,2006,7,1,1.30473121643067,0.634500350952152,1.22640213012696,0.149051513671878,"2046_2006_7_d100"
2046,2006,8,1,2.47990028381348,1.05334655761719,0.529440002441405,0.401639862060549,"2046_2006_8_d100"
2046,2007,6,27,1.5362907136514,1.20316433437573,1.58456287330843,1.17449316306118,"2046_2007_6_d100"
2046,2007,7,31,2.03984127772119,1.35523394884654,1.11316364399539,1.16602057717699,"2046_2007_7_d100"
2046,2007,8,31,2.33593886106127,1.36260608981878,0.934547145882388,1.44455682751788,"2046_2007_8_d100"
2046,2008,6,30,2.13761881376461,1.7817361864992,1.7924771681695,2.09889430718286,"2046_2008_6_d100"
2046,2008,7,31,2.68232783504482,2.09746669934476,1.388384576991,1.59091744539528,"2046_2008_7_d100"
2046,2008,8,31,2.04972380416267,1.22312099537827,1.00801618185079,1.42575592486885,"2046_2008_8_d100"
2046,2009,6,30,0.919717666380898,0.908708685380547,1.40662340694169,1.31845123078505,"2046_2009_6_d100"
2046,2009,7,31,1.90652475292652,1.21348047464852,1.52522134320039,1.95875031893387,"2046_2009_7_d100"
2046,2009,8,31,2.02169689994809,1.18922481208373,1.16274090327414,1.06462596504152,"2046_2009_8_d100"
2046,2010,6,30,1.9552261821523,1.73693662985148,1.39112540233147,1.56682107162545,"2046_2010_6_d100"
2046,2010,7,31,3.02256555022564,2.23837093490434,1.44635538201531,1.50986116853574,"2046_2010_7_d100"
2046,2010,8,31,2.48572210881264,1.47022495642473,1.08848172860753,1.27722456405992,"2046_2010_8_d100"
2046,2011,6,29,1.5963686324295,1.35244308181905,1.50818808556972,1.28358810943371,"2046_2011_6_d100"
2046,2011,7,31,3.15152365419728,2.50681342406073,1.47287119076225,1.90901417432547,"2046_2011_7_d100"
2046,2011,8,31,2.4205367320691,1.73255086409557,1.54699747231049,1.37084111715107,"2046_2011_8_d100"
2046,2012,6,29,1.70771911065551,1.83800756740676,1.71095701435432,1.62840289902707,"2046_2012_6_d100"
2046,2012,7,30,2.74104207485077,2.26875178386967,1.39946373568051,1.67643041101696,"2046_2012_7_d100"
2046,2012,8,29,2.56570956932448,1.65394258947963,1.02558385909462,1.63782346583824,"2046_2012_8_d100"
2046,2013,6,29,1.33662380095014,1.78498013705781,1.99262211121435,1.43030532216044,"2046_2013_6_d100"
2046,2013,7,31,2.37876442720129,1.47060306429927,1.04545960895201,1.28949374142222,"2046_2013_7_d100"
2046,2013,8,31,1.08711073121102,0.547556019422085,0.422382029481644,0.945164292632605,"2046_2013_8_d100"
2046,2014,6,30,1.1609108494554,0.890375097099782,1.62502128509536,1.20738559473399,"2046_2014_6_d100"
2046,2014,7,31,2.10264486270538,1.30308323499898,1.01775003070567,1.27316855311189,"2046_2014_7_d100"
2046,2014,8,31,1.54828921009753,0.558969116744618,0.79369455991142,1.19459442214232,"2046_2014_8_d100"
2046,2015,6,30,2.03331317039019,1.96506330424447,1.9343810898753,1.59271814348638,"2046_2015_6_d100"
2046,2015,7,31,2.68668179975673,2.0163503336235,1.82850177562279,2.1246877110781,"2046_2015_7_d100"
2046,2015,8,31,2.50799400587076,1.46849900558264,1.19805447167759,1.7733280302789,"2046_2015_8_d100"
2046,2016,6,30,2.03556102370185,1.94342020238975,2.11418183290416,2.40753244812119,"2046_2016_6_d100"
2046,2016,7,31,2.82808542248187,2.25007802188801,1.40562475584587,1.84595413570826,"2046_2016_7_d100"
2046,2016,8,31,3.38134290855101,2.27792807546088,1.73413781117231,2.182012913436,"2046_2016_8_d100"
