"seg_id_nat","year","month","n","ANN_d001","ANN_d100","RGCN_d001","RGCN_d100","RGCN_ptrn_d001","RGCN_ptrn_d100","RNN_d001","RNN_d100"
2007,2005,6,30,3.97962081916543,3.3192832437741,3.81587817772782,2.87459484333778,6.12048768391468,3.01931234451373,4.3320607583313,3.13861345482166
2007,2005,7,31,4.1023265598439,3.64041773075891,4.00865518393961,3.37960028934106,7.68573320314927,3.1384832809304,3.97913219892837,3.31279593392933
2007,2005,8,31,2.23177529931983,2.7314399908495,2.73302944454359,2.25275862423492,8.63269919730624,2.61060093907321,3.03292701493896,1.75966424168002
2007,2006,6,30,7.35533165009861,4.05002378801857,5.2024911275046,3.46693162301348,5.14044191128155,3.6455044395613,4.70685303072188,4.65435178845316
2007,2006,7,31,7.0203331462544,5.27417792371011,6.85971601288736,4.16917025415277,2.11413120008006,4.83540738288864,5.47451108560856,6.27380659178566
2007,2006,8,31,3.47910440667408,1.86420922792588,2.02659159971168,1.58930263983297,5.45542577183567,1.41569710130615,1.89058059646284,2.06585809636014
2007,2007,6,30,6.15604049236074,3.36469978726963,4.35003396868429,2.83599622978511,1.61505479365246,3.45174923324624,2.72380827193248,4.18248923474585
2007,2007,7,31,5.79321090241216,3.98729235062258,4.6066134476837,3.59017314168268,6.21161804851862,3.90364222684358,4.10013301454423,4.23322414464702
2007,2007,8,31,4.61357826124818,3.02990531888157,3.46263062706125,3.38532842877212,7.53803708648645,2.987503761161,3.31868704149692,2.76363862995395
2007,2008,6,30,5.5697272322768,3.506202639382,4.50714611862049,3.42609002035622,3.9419755011493,3.88653394839695,3.47468596978709,4.46519229427888
2007,2008,7,31,5.8542695176247,4.44532282896527,5.26802336646004,3.29078697342685,5.49402509980377,3.84946370454227,4.59078384502115,5.12296421848789
2007,2008,8,31,4.32298115320806,2.60095265583382,2.58825213923579,2.94033912703469,6.15918115295268,2.59028553394628,2.70675828061916,2.50271920833584
2007,2009,6,27,5.89580759572027,1.00748529378396,2.34257453793635,1.55294974401664,2.73313771868533,1.11149141935762,1.56680833389783,1.2722250451954
2007,2009,7,31,3.19911517865448,2.1429744001485,2.87504037934283,2.52194023859669,6.31281761760268,2.74832251215996,2.80806772670639,2.38773338506413
2007,2009,8,31,4.23070735395613,2.00897605508209,3.53900254473109,1.6320367252176,3.9177810162152,1.59246819079503,2.52128510385663,2.58973095620938
2007,2010,6,30,2.4078458867195,1.07687717862804,1.87361412744078,1.07631665932595,3.92141234544756,1.10956538735275,2.03426945391873,1.40594862243837
2007,2010,7,31,2.71224443045195,1.84764907886575,2.28897170889105,1.49774871984399,5.61393026620983,1.34065755445578,1.94899164410755,2.2886662517959
2007,2010,8,31,5.32635905356118,3.39780276084862,3.18525309813324,3.57938499457136,2.87467453385796,3.23883475909752,2.60944552319797,3.78565618478239
2007,2011,6,30,3.65252360057363,1.67477236709267,2.50826167924404,2.05141423554332,3.10780199068897,1.9718888876018,1.82732692212727,2.56934777072326
2007,2011,7,31,4.39121077858574,4.6434681817907,4.9196685653779,4.69760164766955,7.84392140950082,4.80466246648661,5.25463119340744,5.06084930895944
2007,2011,8,31,6.5814560423299,3.98580988591472,4.63364610554742,4.48051812077395,4.91171791951092,4.2359410275403,3.95904660025933,4.59954323303995
2007,2012,6,30,7.15780278413571,2.53937131788284,3.27659785406148,2.15703729798746,4.65739770646125,2.25351253120424,2.78715045929782,2.41350111484591
2007,2012,7,28,2.96438552094064,3.00957602818522,2.84051811484927,2.72168372088544,7.52952900322229,2.5031169460129,3.17285169677973,2.55664339014669
2007,2012,8,31,4.40500248813987,3.1406433804723,2.76145976824406,3.3506016077194,4.31029737519651,3.09019626827967,2.31041898410475,3.17690853676075
2007,2013,6,30,7.54884822203495,3.43966623789412,5.43136262848566,1.9074891526654,2.35319296322213,2.81022073698871,3.4814538186895,3.75995676294578
2007,2013,7,31,7.60549841368868,5.1577430157528,7.01250033992095,4.23337120016731,2.07694069959121,4.64780889394276,5.78886256913439,6.12943216568948
2007,2013,8,29,7.17097694627028,3.37274361623467,4.23810617931334,1.96627086191883,2.98350085126628,2.12336269902086,3.35173633132024,2.93008709352339
2007,2014,6,30,6.712881044328,3.45700439562898,4.48188146864689,2.29669914832826,1.6556152823804,3.05541865470185,2.63239380170172,3.88026488717587
2007,2014,7,31,5.68629863939203,2.84274644316431,3.750327832374,1.9675334342546,4.0157957617952,2.32751155852428,2.96956813525815,3.34745421003534
2007,2014,8,31,3.0054058661626,2.55628171278069,3.15811035922767,3.49455257420561,7.62676779740087,3.64968955541409,3.28918543879365,3.1110247386537
2007,2015,6,30,5.31683151123534,2.46046570640213,3.01486800871651,2.37065480867158,3.86027237311448,2.13209262733887,2.88475647342758,2.49102990773861
2007,2015,7,31,4.81632761359879,2.7870394953413,3.28050341579186,2.71315819325414,5.62798967389387,2.7036138229882,2.95981249070737,2.94804107741893
2007,2015,8,24,2.04234673581691,2.41530345703584,2.40741903489831,3.51373553984995,7.70743060114088,3.33413553059597,2.89729073405527,2.04480355417413
2007,2016,6,30,2.90803197326945,2.86942577953296,2.86233733784897,2.9059542478663,5.82037995771807,2.67134966125335,4.12217395117255,2.46198668165685
2007,2016,7,31,3.44230187106971,3.90679120901269,3.99346145029949,3.64296423225615,8.51765937278816,3.58613257121744,4.30521931741138,3.35970742650197
2007,2016,8,31,2.0774660264507,1.74268219780804,2.05495709620921,1.75929329349566,6.59083017511054,1.69288549408787,2.13962788992023,2.21985488617673
2012,2005,6,30,2.32993133291286,1.04497406315185,1.65318691964324,0.769624191809876,1.73547868180615,0.527757239050628,3.14025949045648,1.37548695572499
2012,2005,7,31,3.73352548475866,0.640902925717037,0.969783258442157,0.490096532895279,0.815990174453979,0.566271281022514,4.82636640108084,1.46213670423406
2012,2005,8,31,3.23540684572756,1.33436655730708,1.44527020887482,1.29058729747247,1.66623888996908,1.30375162058738,4.34533344940208,2.09206227834104
2012,2006,6,23,1.74625753463971,0.897602018294193,1.83910464841061,0.65934737302959,1.34120089497381,0.89332242692478,2.32957399530335,1.59774967904878
2012,2006,7,25,3.23862599128217,0.859824988762663,0.884710267916986,0.639696767594823,0.964471389884774,0.699066818162383,4.39928404489996,1.99520482351775
2012,2006,8,31,2.94300450838363,1.34798361374699,1.60651917993564,1.16354669356938,1.60656542299984,1.15733789247453,4.02339258342636,2.0332877321187
2012,2007,6,28,0.935879169810987,1.7471280573104,2.6290679403528,1.15923488856612,1.12886737324402,0.987648773415391,1.53091125769961,2.61664069234157
2012,2007,7,29,2.10852446781353,1.21500915822987,1.62992094143418,0.921887885437886,1.15235908847034,1.01512950729523,3.22820792798683,2.09394651555111
2012,2007,8,31,2.70648846760663,1.1439180509676,1.77369308452585,1.03127936060254,1.2137603238653,1.14081014939989,3.82471634743379,1.76693913092521
2012,2008,6,30,2.27821627256634,0.921580001035357,1.77623510738995,0.665320050898738,2.06461545079656,0.730225929799577,3.2160704299909,1.25262613720465
2012,2008,7,25,3.43254349239765,0.907093950842065,1.38227803079006,0.761486815194513,0.778161168540115,0.719267659891303,4.55530916826374,1.4160809351609
2012,2008,8,31,1.98532428465181,0.821146675961444,1.65035347300852,0.709583932935509,1.69320709004773,0.858133144810016,3.12720792446459,1.30327941223349
2012,2009,6,30,1.43742282752031,1.74179588403964,2.93272534569079,1.34132825689322,1.24248857807559,1.02389515073643,0.749626912997663,1.90346530364617
2012,2009,7,31,1.07511001984226,1.23769304754603,2.15106033182365,1.01833568293786,1.50885001911626,0.914093046787731,2.37403938540726,1.70652865873772
2012,2009,8,31,2.10462142381699,1.01109946994277,1.74494955384449,0.8933000292776,1.64241866585674,0.858239401050958,3.39302145208047,1.72451105391889
2012,2010,6,28,2.53069469069377,1.00605375061247,1.68797648629108,0.576428444352769,2.09606530533765,0.455038882071738,3.54551575967221,1.56876674918038
2012,2010,7,31,3.87478344921247,0.715514796881216,1.04817221426976,0.678003919993671,1.0163831141165,0.835865946312203,4.99767069616189,1.60587033916273
2012,2010,8,31,2.87780629843027,0.918915654989525,1.32165996557041,0.72821526577757,1.25750526886626,0.863614556153423,4.07412560177745,1.56826188355042
2012,2011,6,30,1.80393562562317,1.18677073161389,1.91409060867886,0.674745939733921,1.61623733959392,0.398609481603568,2.73225434081593,1.90395719561736
2012,2011,7,31,4.16825980900766,0.892759909478641,1.26090451330785,0.829294148367107,0.97231755732414,0.911874830580544,5.29745651050934,1.66244626794948
2012,2011,8,31,3.29224524328759,1.22208604996369,2.55602662522607,1.24315775173767,1.36953868879154,1.16904997453328,3.93027022752669,1.70226337853377
2012,2012,6,30,2.25066821183839,0.79609921197689,2.101762238208,0.544764802077521,1.41572553946654,0.612614870049669,2.72194761914198,1.43870202277048
2012,2012,7,31,3.78780826440315,0.962791692503583,1.17117887769694,1.05544271498909,0.996740298056713,1.23185941385451,4.92561838184496,1.86688565875529
2012,2012,8,31,3.14890563853993,0.563286158963533,0.981776336075117,0.469485552602633,1.04203792811831,0.636065971747561,4.33867227238046,1.19812835531013
2012,2013,6,30,2.27236632166771,0.873399988630266,2.92584521522523,0.61777870661553,1.44450708158741,0.655936832057993,2.38547201322656,0.980584311603428
2012,2013,7,31,3.52832493389204,0.581623928646014,1.30183545213342,0.423058206559463,1.10399295204017,0.429548927525513,4.69058537179185,1.0998315059301
2012,2013,8,31,1.56771614526589,0.541365561557222,2.49832628807938,0.397498405934127,1.56179165721237,0.39788404334779,3.22149393155404,0.787249871112676
2012,2014,6,28,0.979120143397119,1.03524369244978,2.10139056311659,0.583089207470549,1.0250151826727,0.393785439829175,1.70497998209747,1.5754485620505
2012,2014,7,29,2.14337299723186,1.05250469771456,1.65279772350312,0.677529568432437,1.24109732613638,0.644172714845426,3.29799272143854,1.90665253841428
2012,2014,8,31,0.912336411390649,1.18427036392595,1.40965926722215,1.04701954342711,2.11192597036199,1.11504122753527,2.40489984244696,1.76299335804645
2012,2015,6,30,2.21524654365927,1.04160805329609,2.23948022121188,0.51638477706861,1.51648321955291,0.475206697613952,2.92307268781159,1.71232891580055
2012,2015,7,31,2.97902808872832,0.492625311699064,1.7378118530693,0.561910470101612,0.801601067052315,0.610302168572476,4.19648635925533,1.01423037445703
2012,2015,8,31,2.4402921160946,0.732141926920038,0.898856646180345,0.529527346902084,1.30624705464955,0.56869824447344,3.64320851352072,1.45677048379996
2012,2016,6,30,1.85962040158335,0.80588450805881,1.78757667889488,0.400108194346364,1.54712749117654,0.409710998130919,2.79671601664762,1.11991451585253
2012,2016,7,31,3.80103524348507,0.616912197243981,1.238995388414,0.53422420168623,0.821175170179631,0.721263166880888,4.93620699316477,1.3547580271131
2012,2016,8,31,4.13082460779712,0.490831295973711,1.06822350842061,0.390377027322974,0.750122291202788,0.463895894288799,5.28045061495886,0.986821390364949
2013,2005,6,30,2.56224297630191,0.824722544573535,1.93952302623463,0.897523034706904,1.64081094151574,0.395201815359259,2.73959087920492,0.650497914697923
2013,2005,7,31,3.01495635071592,0.772458441249311,0.998760028790809,0.629494824173934,0.969154781044321,0.622388532611986,3.74527378806587,0.518682130874856
2013,2005,8,31,3.08854098256036,1.05790078099206,1.64288949960441,0.842130199735377,1.57444240577086,0.565200457624007,4.04949072366614,0.716414486569797
2013,2006,6,30,2.72141132965331,0.814154349957543,1.80464348592396,0.965810189784977,1.34716934242721,0.662489280474782,2.27872168489791,0.577776963499706
2013,2006,7,31,2.92145908508319,0.928692797984861,1.16451816695973,0.924835135379308,0.739578246327177,0.453750207678559,3.88968824507544,0.474189339495994
2013,2006,8,31,2.87013380489595,1.01871261808333,1.69878811949296,0.693317857621845,1.72976310043555,0.374016251876812,3.70535435912458,0.583530674166901
2013,2007,6,30,1.91288432085337,0.943662346552092,2.01213186347962,0.820099394138686,1.37475898985856,0.444302008635123,2.06111447451241,0.552187461578679
2013,2007,7,31,2.5976876660586,0.93384965226629,1.70578472205705,0.725106997353027,1.16265852816112,0.574600050739495,3.1354723995916,0.645462655593627
2013,2007,8,31,2.85977461253928,0.76099450411438,1.91181593424582,0.632195573300671,1.44259625684025,0.467183179831673,3.40633643019639,0.60919635685586
2013,2008,6,30,2.13907560663397,0.925234138018159,1.69184590372357,0.876774078351118,1.72854024405775,0.429279784214172,2.6649047249371,0.736223698091001
2013,2008,7,31,2.83861216360107,1.08097757037057,1.17246094058198,0.899685462561954,0.609945912392874,0.36842523934912,3.66785075488151,0.650525743690079
2013,2008,8,31,1.91217529638982,0.823416983557378,2.11487314621531,0.483683324001846,2.22485328508396,0.36363291255342,2.39027654497676,0.47834369699086
2013,2009,6,30,3.25848282399293,0.665528833864707,2.13504486319998,0.385725147150415,0.76874833267997,0.293663988958323,1.2780360452248,0.451093087538744
2013,2009,7,31,1.93607122076136,0.793619235222713,1.80034476506656,0.408789266250265,1.15395090043355,0.659232507412445,2.47055905897506,0.455036699237199
2013,2009,8,31,2.56447963139501,1.1182438593434,1.33505953691078,0.794767871025665,0.956957141390861,0.397868591962139,3.57870680374746,0.770544907157908
2013,2010,6,27,2.34084748146951,1.03547148473644,1.5753736160515,1.04616412031041,1.98847069718097,0.530215806242707,2.96980084734574,0.668536438509191
2013,2010,7,31,3.87507745214142,1.43526803959713,1.82516594697304,1.39037902132893,1.09819210836316,0.554171086420448,4.8022971348015,0.608243200161444
2013,2010,8,31,3.02852067485405,1.3474627434312,1.46544163825463,1.036939063221,1.24548096062916,0.549207508517509,3.89947706576883,0.496571805601826
2013,2011,6,30,1.66401856981339,0.763531563875691,1.79284591523238,0.768051837709465,1.49589996266985,0.429661148968222,2.28443018138322,0.494000524733632
2013,2011,7,31,3.96702796708181,1.40378227911612,1.85967734706912,1.28533102283146,1.01934999902661,0.473166382598143,4.95046000227694,0.784988179157646
2013,2011,8,31,3.87874737757211,1.47008350937384,2.21230152547922,1.07560637278898,1.39035927765334,0.792755390862571,3.87007937255358,0.685018815980566
2013,2012,6,30,3.59344358397619,1.15558126360264,2.11731743850926,0.976875484185948,1.32764663836034,0.663380356002601,2.36675163023391,0.736457497442954
2013,2012,7,31,3.85222186895976,1.39283697442373,1.73052716436081,1.35342588177172,1.07512772442065,0.567740385484999,4.765196842459,0.800255955633418
2013,2012,8,29,3.06855258536663,1.38944696832302,1.39746879265222,1.02926793405402,1.27141098727195,0.439322122559867,3.987624016653,0.521238870696623
2013,2013,6,30,3.27429217206725,1.05147960596905,2.09690752698474,1.13764632165811,1.55201397510617,0.730316348208912,2.35103773253808,0.536297610458897
2013,2013,7,31,3.49086540278124,1.36293292107317,1.7038692858581,1.34109431712201,1.09004440290359,0.723820589161985,4.4044567752965,0.851255925170943
2013,2013,8,31,2.24259257145195,1.02720985277278,2.05511780251378,0.557126339942689,1.62350492293827,0.623638087980658,2.96947763989341,0.575498758036226
2013,2014,6,30,1.77067545080676,1.27924910763983,1.77799188486078,0.978289802591247,1.27585412621789,0.996052628962293,2.07106941399288,0.776636640284052
2013,2014,7,31,2.8214065815726,1.35864596984251,1.67842019970407,1.1549261253712,0.996889732576586,0.851931579969572,3.53719750406332,0.915847616822578
2013,2014,8,31,1.74614312113148,0.945480927805509,1.85800186070427,0.429975962861755,1.89040274723999,0.483840046763249,2.52107624526456,0.575259972733451
2013,2015,6,30,3.40006620924439,1.31397015553787,1.83681164347135,1.19787460344538,1.70122354130404,0.822574828046763,2.87691586149186,0.964716882693825
2013,2015,7,31,3.01749719404019,1.3181802366734,1.82704425136895,1.26378749137796,0.792513982803027,0.855429693997687,3.77902321543722,1.01253570497997
2013,2015,8,31,2.43429640433583,1.18127991032654,1.29758247462672,0.854536842751638,1.32483531961521,0.674409647644132,3.3848404164598,0.827499207178983
2013,2016,6,30,2.30339847518826,1.25818911213805,1.49802121972401,0.923260513790034,1.39028917566401,0.680179271419157,2.35528461066329,0.944568065701548
2013,2016,7,31,3.6506392239026,1.37971607412533,1.88367548287265,1.2354580184296,0.79332436565141,0.627142196510154,4.51620801773207,0.936500666082642
2013,2016,8,31,3.81822841887856,1.73394994591655,1.44408911603733,1.36343461066796,0.933593267173356,0.653704051773324,4.77877597176123,0.847406205782025
2014,2005,6,30,2.2180542586335,1.36335021278077,1.23084880349339,0.842234340618336,1.77755524610401,0.960271395618595,3.0564210233819,1.06707817672357
2014,2005,7,31,3.15071568202782,1.11694589662552,0.82218135380732,0.743652144429374,0.838279282083425,1.17949258353965,4.24006727108585,1.62590176569312
2014,2005,8,31,3.5786312559774,1.09670608413211,0.928004974346276,0.843525343253396,1.19859509937284,1.08658091401147,4.67979061044689,1.41932578546489
2014,2006,6,25,2.07268226256148,0.70574562446875,1.58136341474884,0.383498813293618,1.59873430134499,0.410545133466732,2.75729991493053,0.841204690438142
2014,2006,7,23,3.56342268290824,0.733302533998654,0.754905412505738,0.400059686812326,0.743178041401827,0.752993204937506,4.70053672205367,1.37675008730977
2014,2006,8,31,3.58892625169916,0.784128950028951,1.08575824120361,0.409489218620137,1.04298362209928,0.507349550109932,4.69848222149482,0.864654462072552
2014,2007,6,30,1.59358911077622,1.16232468953096,1.46850431422957,0.51070310386244,1.39566017245789,0.492251708270273,2.42835863504338,1.27011264007669
2014,2007,7,27,2.18459011886098,1.27150709506444,1.59533879828127,0.836429903866337,1.1445188556232,1.04390819894699,3.25049819779065,1.54753980494896
2014,2007,8,31,2.5788447508799,1.48606346872262,1.42921094111297,1.0557861116321,1.39565219219814,1.33161689183148,3.64101907696364,1.58815231907924
2014,2008,6,30,2.00272303806036,1.28566698985644,1.38301994525481,0.650668756631954,1.77656820287214,0.832386946269325,2.87856175267807,0.992866199214707
2014,2008,7,31,3.10383397344644,0.851485212274969,0.748508452038493,0.503839370654818,0.704071665318173,0.67442289260906,4.18350067720199,1.09168636476542
2014,2008,8,31,1.95108957755355,0.970082513183104,1.03715371557663,0.615520274023998,1.61621962892853,0.887144673374052,3.06524227899847,0.97384512814716
2014,2009,6,30,0.988311390541527,1.72450305492064,1.94560204760194,1.10239157211683,0.840222825558003,1.25925172975288,0.912826814995323,1.367583436238
2014,2009,7,31,1.37281576615146,1.19484193661959,1.46436006326221,0.794452157310433,1.15408918885487,0.998119829318867,2.52159172031061,1.21627274483135
2014,2009,8,31,2.2829324294974,0.747066796266019,1.13008989944168,0.416455003454395,1.31164732349378,0.642429972824664,3.47977948025938,1.28506402263953
2014,2010,6,29,2.3900235976787,1.52447841749641,1.21341946923237,0.794470913566405,1.9976661018484,0.945986735877677,3.35966624984668,1.3352386745534
2014,2010,7,28,3.85981523165789,0.733133629649856,0.875359735169023,0.532494870014386,1.09894311334572,0.807365814723434,4.97012168814446,1.29059097652793
2014,2010,8,31,3.17934257004488,0.909318882490029,1.19449090564438,0.524681357697748,1.01527169073134,0.676046363064927,4.31783913370447,1.01923835596467
2014,2011,6,28,1.61456348898448,1.62757031495793,1.35122204896629,0.870057655456926,1.36242734076744,0.940775343670133,2.47040292029627,1.6718274040634
2014,2011,7,31,4.34381844121267,1.10349776262983,1.26955291315737,0.61222101953671,1.15610468774566,0.869127810592655,5.44080057602205,1.15900393259653
2014,2011,8,29,3.49532603935375,0.72510551648756,2.44880360499222,0.792868344425875,1.03425026435448,0.540520661063081,3.90199080246815,0.971670897281082
2014,2012,6,30,1.95132990344843,1.10266537710791,1.80247956427542,0.703456812393535,1.19296519835861,0.750845485756413,2.51188985462996,1.23682357628524
2014,2012,7,29,4.17621230339291,0.823290273664242,0.973372324730564,0.608698498208592,1.14087616972011,0.798718129650461,5.29005696161973,1.14665963456679
2014,2012,8,29,3.38245060737131,0.573577101146999,0.759931794954379,0.33499352942197,0.945203943231572,0.510204845834835,4.50395025682056,0.717794882209042
2014,2013,6,30,1.92528482987316,1.21547501986818,2.17212713961596,0.622367862671394,1.35151761808422,0.742486944680769,1.95834736433826,1.1087325962532
2014,2013,7,31,2.68374135939163,1.18588960615703,0.905996052098855,0.92659770226498,0.996153186370202,1.25702767818564,3.79182139995341,1.44645681203964
2014,2013,8,30,1.13381419325593,1.34750595670792,1.64887915255403,0.894443236873904,2.15038250217479,1.09418825372163,2.38161355209711,1.25532576049495
2014,2014,6,30,1.17902487344724,1.03947459748012,1.27305927740855,0.453070980051916,0.926635980235543,0.492459887112373,1.85960689333683,0.930352083365281
2014,2014,7,31,2.2815081143535,0.991786800251109,1.14121989096712,0.49674045992903,1.07072816707693,0.673074118833516,3.38291280869038,1.2060824489705
2014,2014,8,31,1.14788920241361,1.22013609309171,1.23399470587992,0.804223647455831,1.90110750711649,1.03757488060418,2.49589130527499,1.26693467221901
2014,2015,6,29,1.9764087947093,1.15948228565173,1.75904914959775,0.535851688736137,1.57323914208409,0.624377084305608,2.76249892705313,1.4126714275276
2014,2015,7,31,2.37367969195245,1.02240144405137,1.11664916334461,0.5655070925001,0.745004892719633,0.728035169838074,3.48924901530177,1.39504531314553
2014,2015,8,31,2.53962220583758,0.897687774465145,0.580312904021714,0.400715496383392,1.15229761552874,0.621160045985807,3.66659126338327,1.10350857111823
2014,2016,6,30,1.49818754804778,1.32706689513348,1.5354908714731,0.562745767883676,1.32295856098016,0.692295937238548,2.36344352255686,0.952916605001307
2014,2016,7,31,3.63978565786264,0.920775398489784,0.897640583305844,0.598516578253724,0.963761362991307,0.868058276027163,4.73290578551151,1.14803361147741
2014,2016,8,31,4.04696786837554,0.658222881380094,1.0189078977812,0.455138295105785,0.755817297285818,0.587898587079164,5.15761987142723,0.799151975126573
2017,2007,8,1,0.932529067993165,0.983153915405275,2.08661689758301,0.559660339355467,4.15991439819336,0.346090698242186,0.978574371337892,0.318998718261717
2019,2005,7,1,1.8301936340332,1.33770645141601,0.16169822692871,0.999712829589843,2.13884628295898,0.618191604614257,2.83813583374024,1.30746925354004
2019,2006,6,1,3.8736782836914,0.589469833374025,0.78078453063965,0.0816326904296858,0.369607849121095,0.941240386962889,0.883812026977537,0.896325988769533
2019,2006,8,1,0.690397644042967,1.08685264587402,0.899705505371095,0.288907623291017,3.05407676696777,0.212099456787108,1.79748764038086,1.02370414733887
2019,2007,7,1,2.23698524475098,2.15577789306641,0.128695526123046,1.62066741943359,1.03460594177246,1.7252645111084,3.45605567932129,2.59376426696777
2019,2008,6,1,2.21166839599609,3.27733650207519,4.21101036071777,2.79262390136719,2.05961265563965,2.5726016998291,2.13060417175293,2.3607048034668
2019,2008,8,1,1.04370307922363,1.40090370178223,4.65928840637207,1.34370803833008,2.38549613952637,1.42917442321777,0.745616912841797,1.99610137939453
2019,2009,7,1,0.928962707519531,1.2044506072998,3.82937812805176,1.45649909973145,2.46895980834961,0.544515609741211,0.985885620117188,1.65067481994629
2019,2009,8,1,2.67064094543457,0.750064849853516,2.3875846862793,0.800769805908203,1.49584197998047,0.0436210632324219,3.14595794677734,0.0640201568603516
2019,2010,6,1,3.50998115539551,0.108848571777344,2.96452522277832,0.456892013549805,1.11832046508789,0.541759490966797,4.61014556884766,0.555391311645508
2019,2010,8,1,2.35348052978516,0.470455932617188,0.318579483032227,0.215621185302734,2.10817031860352,0.71255989074707,3.52172203063965,0.443383026123048
2019,2011,7,1,4.18126602172851,0.0328701019287116,1.97651023864746,0.244963836669921,0.0254657745361335,0.098033142089843,5.30829353332519,0.453127670288087
2019,2012,6,2,4.34148251049729,0.288097292183196,2.55590165630278,0.0632348982154167,1.94382633007852,0.377286430261932,0.284701959934659,0.890571252031811
2019,2012,7,1,2.25193519592285,1.74629669189453,0.140286254882813,1.07263450622559,0.912625122070313,1.51664428710938,3.31538505554199,1.92943458557129
2019,2012,8,2,2.73219377583742,0.475687665849648,0.657656415711532,0.402309859201201,1.61914186764678,0.306236847291433,3.70510599159673,0.64525913754264
2019,2013,7,1,2.50930519104004,0.855036544799802,0.128992843627927,0.599129486083982,1.3449275970459,1.98911933898925,2.75319213867188,1.06441574096679
2019,2014,6,1,0.575633163452146,0.623938674926755,0.70070373535156,0.424744720458982,1.37689674377442,0.0632561492919947,0.420042877197268,0.173760528564451
2019,2014,8,1,0.722587585449219,0.867837905883789,1.23832321166992,0.69354248046875,3.6666088104248,0.00736236572265625,2.41184616088867,1.03694915771484
2019,2015,6,1,1.52913284301758,1.97394371032715,2.45915794372559,2.35762405395508,4.00707054138184,3.08654594421387,0.295061111450195,2.04594421386719
2019,2015,7,1,0.475981979370118,2.52974006652832,1.87194892883301,2.14546653747558,2.46818801879883,1.97136947631836,1.60002258300781,1.98086044311523
2019,2015,8,1,0.798847961425782,0.678828430175781,2.36284370422363,0.788926315307616,3.03358192443848,0.228812408447265,1.8670166015625,1.23073310852051
2019,2016,6,2,3.01860837237788,4.94355130246694,4.36148437606443,3.99094723730532,3.32414313543024,4.48975699008084,2.8239099955465,4.40045159211927
2019,2016,7,1,1.11525344848633,2.13415718078613,2.29025459289551,2.23698043823242,2.94192695617676,1.96681022644043,2.19602012634277,2.55187606811523
2019,2016,8,1,0.639752731323242,0.800057067871094,3.35336364746094,0.861878051757813,3.0402742767334,0.730126037597657,1.50367866516113,1.35163749694824
2020,2005,6,1,0.429848632812501,3.59063621520996,4.30858131408691,3.06034942626953,0.401619949340819,3.37222381591797,0.70238784790039,3.48679061889649
2020,2005,8,1,4.16874755859375,1.08052764892578,0.130599365234374,1.72139297485352,1.12371383666992,0.96036277770996,5.35263694763184,1.78688369750977
2020,2006,6,1,1.01544982910156,3.88130409240723,0.432313613891601,2.55017311096191,1.24497062683105,2.51306182861328,1.17086250305176,3.80363494873047
2020,2006,7,1,1.99954460144043,1.3294425201416,1.97113372802735,1.61740829467774,1.24187614440918,1.68180419921875,3.06067321777343,2.91402008056641
2020,2006,8,1,4.10473083496094,1.91067291259765,0.00579048156738082,2.48488784790039,0.749522933959959,2.17852188110351,5.2987100982666,2.71767784118652
2020,2007,7,1,1.43480827331543,3.70762107849121,2.11741874694824,3.09623764038086,1.65140579223632,3.15194557189941,2.60607482910157,3.83400390625
2020,2007,8,1,2.54080200195312,2.65618324279785,1.68592834472656,2.45919418334961,2.41328239440918,2.29151725769043,3.72461318969727,3.10409927368164
2020,2008,6,1,2.03960243225098,3.72020736694336,4.44372001647949,2.69466415405273,0.940723571777344,2.6965104675293,1.40262237548828,2.74941459655762
2020,2008,7,1,1.21808883666992,2.50263336181641,2.87298706054688,2.02673843383789,1.36970260620117,1.8742497253418,2.23901245117187,2.30945899963379
2020,2008,8,1,1.55771072387695,2.84541122436523,2.07261650085449,2.1292170715332,2.7539900970459,1.99450103759765,2.69248207092285,2.44035140991211
2020,2009,6,1,2.41097991943359,4.04047554016113,3.56686561584473,1.64272277832031,2.76206176757812,1.74441116333008,1.59642951965332,2.98124664306641
2020,2009,7,1,0.967450637817382,3.7082438659668,2.34172966003418,2.79508926391602,2.92147972106934,2.21609642028809,0.254700164794922,3.51501800537109
2020,2009,8,1,0.78882987976074,3.26582328796387,3.17045585632324,3.20467559814453,2.78406707763672,3.6946467590332,1.97045143127441,3.70093338012695
2020,2010,6,1,0.643597259521485,3.8041032409668,3.27844940185547,2.62060104370117,1.96840919494629,2.08248268127441,1.72504867553711,2.92749153137207
2020,2010,7,1,2.65399803161621,2.72989021301269,1.3646215057373,2.79646812438965,0.206319198608398,2.58422409057617,3.82325424194336,1.43918357849121
2020,2011,7,1,1.8592416381836,3.10483726501464,1.99418815612793,2.55056365966797,0.773536529541012,2.37169250488281,2.99332824707032,2.72087463378906
2020,2012,7,1,3.77391563415527,1.53737701416016,0.559675827026368,2.29389251708984,0.509358062744141,1.1364485168457,4.93156753540039,1.79494918823242
2020,2013,7,1,2.0591911315918,3.33868751525879,1.76093826293945,2.83978042602539,2.47968254089356,2.38950500488281,3.23621597290039,3.93562660217285
2020,2013,8,1,1.05452865600586,2.78612274169922,1.60827583312988,2.98944229125977,4.14135307312012,2.78918975830078,0.450674591064452,3.39126342773438
2020,2014,6,1,2.62903533935547,2.37091957092285,4.02513252258301,2.42925201416016,1.00564323425293,2.23051582336426,2.13906799316406,2.96702133178711
2020,2014,7,1,1.00067657470703,4.07327705383301,2.7433553314209,3.08995109558106,0.99138122558594,2.80499130249024,2.14675086975097,4.07931762695313
2020,2014,8,1,0.201353836059567,3.72952575683594,1.13303108215332,2.95403594970703,3.75535125732422,2.70776672363282,1.59218292236328,3.2004825592041
2020,2015,6,1,1.31293319702149,2.27063156127929,1.87530113220215,0.274404296874998,1.59331298828125,0.319820175170896,2.19249176025391,1.73509765625
2020,2015,7,1,0.218405227661133,3.71740486145019,1.36434509277344,2.83914138793945,1.84975006103516,2.13240386962891,1.68870780944824,3.62800933837891
2020,2016,7,1,0.47871284484863,3.14828224182129,3.57569999694825,2.87195129394532,2.25603790283203,2.83595962524414,1.58949928283691,3.42867584228516
2020,2016,8,1,1.89776832580566,2.23008125305176,2.09995811462402,2.16593521118164,2.516181640625,2.0750023651123,3.06605560302734,2.34611862182617
2021,2005,7,2,3.20152592060183,1.03773190692028,1.74360555845679,0.952618635171942,2.07702429520557,0.937176536367979,4.26661975929779,0.914237758039799
2021,2006,6,1,4.89548885345459,1.15685165405273,1.4196842956543,0.14340103149414,0.298542861938476,0.745320434570313,0.751048202514649,0.605017547607421
2021,2006,8,1,0.0374499511718724,0.957747573852537,1.12030708312988,0.79793273925781,4.1500121307373,0.757504577636716,1.31288230895996,0.793303604125974
2021,2007,7,1,1.97142028808594,1.48124504089355,0.596187591552734,1.47162818908691,0.668502807617188,1.09985733032227,3.30835151672363,1.55946731567383
2021,2008,6,1,1.42776901245117,2.20336944580078,2.97331649780273,2.33737594604492,2.44689971923828,1.27280075073242,1.68137771606445,1.37845260620117
2021,2008,8,1,2.14860301971436,1.87173027038574,3.8980135345459,1.81155342102051,3.21710151672363,0.692254486083982,0.481562194824221,1.98201889038086
2021,2009,7,1,1.74881362915039,1.12376976013184,3.12722778320312,1.1016845703125,2.26338005065918,0.265695571899414,1.31011962890625,0.755254745483398
2021,2009,8,1,2.55695571899414,0.305583572387697,3.00185356140137,0.096315765380858,2.11271057128906,0.373423004150389,2.43733825683594,0.328870391845705
2021,2010,6,1,3.67842445373535,1.37596092224121,4.2265983581543,1.08308944702149,1.4223217010498,2.51030311584473,4.81878051757813,0.363172149658205
2021,2010,7,1,3.17723503112793,0.16936912536621,1.13029899597168,0.258280181884764,1.1210132598877,0.458979034423827,3.98920478820801,0.324477767944337
2021,2010,8,1,1.89396629333496,0.594528579711913,0.0203784942626939,0.0829700469970689,2.08262672424316,0.9071346282959,3.2317253112793,0.432930374145506
2021,2011,7,1,3.92203773498535,0.773195877075196,2.68294395446777,0.464613571166993,0.416098937988281,1.17356170654297,5.1109415435791,0.0672842407226568
2021,2012,6,2,6.06029693407955,0.314408364501779,1.79286173106699,0.202128133597449,1.24655335884514,1.12660935092292,0.606109607737623,0.0965118609801402
2021,2012,7,1,2.80383796691894,0.114079284667969,1.24321098327637,0.0543945312500007,0.521292877197265,0.347014617919921,3.93870468139648,0.117550659179688
2021,2012,8,2,2.59625452375191,0.21234108327985,0.977119483363439,0.357777496827552,1.880210555565,0.900635166055547,3.6918219491156,0.125754174120489
2021,2013,6,2,7.32894772003545,1.34695580678753,3.67714056074854,0.843449535726142,1.23598178891656,0.210748592500394,0.903508093810815,1.02356835977333
2021,2013,7,3,3.12949932463769,0.956792672549963,1.18067291529152,1.15740593001032,2.3542511844248,1.81563885024318,3.30364133134437,0.916374218270349
2021,2013,8,1,0.977489852905272,0.591964340209962,1.7308536529541,0.914645767211915,3.3630558013916,0.0289073944091811,1.82408180236816,0.641976928710939
2021,2014,6,2,0.397060389636373,0.959067382113088,2.75973903011775,1.32181228597843,1.425689970948,0.432204695109438,1.21855913096196,1.06087689109301
2021,2014,7,1,0.825652313232421,1.5879581451416,0.582171630859374,1.2111442565918,2.24996643066406,0.802922058105469,2.24467010498047,1.07639198303223
2021,2014,8,3,2.49681304360092,1.66165046248741,2.24873654936502,1.74549480735173,3.7447698054323,1.86461269114136,2.01595218172079,1.49834873648345
2021,2015,6,3,5.17970251949222,0.520917263321174,2.54401480653868,0.673365415983894,1.22836214474178,1.49546786349853,1.83241795457808,0.858640204037843
2021,2015,7,3,2.5696416244279,0.911755540999617,1.1341916050705,0.764547891752447,2.45114413767755,0.573840487648423,3.83464892534336,0.575910783017459
2021,2015,8,3,0.786942917931,1.04920442229843,2.57429353565807,1.05051260638809,3.37741169155329,0.490364208651666,1.89794498109514,0.894996071291554
2021,2016,6,3,1.58628402390927,2.17335277054129,2.06248755553524,2.00046235663023,2.26200253760207,1.72953922866155,1.99129833918459,1.80375067105531
2021,2016,7,3,2.77846527494093,1.37275306947799,2.77928081817067,1.15839822738762,2.56733099653534,1.13938692840538,3.83906161151236,0.993156547405572
2021,2016,8,3,2.64883800505347,1.16307845873992,2.27236598256266,0.867459666688154,2.55313007495591,0.72056465137502,3.64566970973439,1.24985177510069
2023,2005,6,1,0.0133290863037132,2.61132377624511,3.2367586517334,3.25841659545898,0.928834381103513,1.67391914367676,1.24193244934082,2.24073356628418
2023,2005,8,1,5.36757766723633,0.201538925170901,1.18416893005371,1.17634475708008,0.403933410644534,0.519040222167966,6.58748924255371,1.35197937011718
2023,2006,6,1,1.75947067260742,3.05973884582519,2.03311374664307,2.51622650146484,0.399737091064452,1.1324755859375,0.921595306396483,2.65912124633789
2023,2006,7,1,2.29171424865723,0.905921401977537,0.620456161499021,2.15093559265136,0.793826522827146,0.797269287109373,3.50046020507813,1.42522186279297
2023,2006,8,1,4.4666960144043,1.21204925537109,0.513088455200197,2.82891250610351,0.0981786346435527,1.33480812072754,5.67458938598633,0.413992156982424
2023,2007,7,1,2.03393188476563,2.40207847595215,1.18709358215332,3.62765106201172,0.656978454589844,2.03301414489746,3.244716796875,1.40913948059082
2023,2007,8,1,2.61614631652832,2.58019805908203,1.45350242614746,3.3277719116211,2.27532173156738,1.88601470947266,3.83520530700683,1.26423049926758
2023,2008,6,1,2.08083854675293,3.17948471069336,2.20056091308594,2.89252410888672,1.29687629699707,1.68705497741699,1.0738671875,2.22099243164062
2023,2008,7,1,1.65275947570801,1.71924217224121,1.79724891662597,2.18403060913086,0.281063156127928,1.23414810180664,2.82080642700195,1.07696159362793
2023,2008,8,1,1.72543937683105,2.39084022521973,0.918595962524414,2.7679077911377,2.19179695129395,1.44970291137695,2.93622047424316,1.17882125854492
2023,2009,6,1,2.89427505493164,4.03484092712402,3.54513298034668,2.5394376373291,1.9111531829834,1.56645332336426,1.67948280334473,2.72013031005859
2023,2009,7,1,0.947423248291017,3.06289413452149,1.98709037780762,3.09813621520996,2.4603035736084,1.87765625,0.500757904052733,2.28855255126953
2023,2009,8,1,0.966047592163086,2.51459091186523,2.19322746276855,3.8611408996582,2.34523551940918,2.4443871307373,2.2109969329834,2.45946662902832
2023,2010,6,1,0.820671463012694,2.71662101745606,2.62352333068848,3.65088043212891,2.6505989074707,1.23017654418945,1.98787155151367,1.14291534423828
2023,2010,7,1,2.9646354675293,1.64155235290527,1.00151481628418,3.37519493103027,0.523238754272462,1.75586357116699,4.16012535095215,0.267759704589842
2023,2011,7,1,2.08393997192383,2.07739883422851,1.29229026794433,3.20248275756836,0.0422940826416003,1.78719001770019,3.2771524810791,1.22970062255859
2023,2012,7,1,4.37372779846191,0.880836486816406,0.117666244506836,2.23619842529297,0.83073616027832,0.506374359130859,5.57448387145996,0.546318054199219
2023,2013,7,1,3.40451171875,1.24202796936035,0.0615246582031261,2.56838104248047,0.67052146911621,0.84883949279785,4.62237670898438,1.58249160766601
2023,2013,8,1,0.382151412963868,1.15146141052246,1.95258064270019,2.09034614562988,2.93147926330566,0.55216293334961,1.51306838989258,1.82224349975586
2023,2014,6,1,1.87610008239746,1.10865165710449,0.988679428100586,1.35255004882812,0.639122467041016,0.269585113525391,0.653388519287109,1.02222778320312
2023,2014,7,1,2.75703155517578,1.39386070251465,0.181565170288085,2.40285766601562,1.07969200134277,0.635855560302733,3.95577346801758,0.554381256103515
2023,2014,8,1,1.99820762634277,1.21579689025879,1.16063743591308,1.73333114624024,1.47376579284668,0.267535629272462,3.54635864257812,0.0953077697753919
2023,2015,6,1,2.05295440673828,1.12932899475098,0.938578872680665,0.404540328979493,0.172353057861329,1.01440879821777,3.16456672668457,0.126220016479493
2023,2015,7,1,1.98881439208984,1.0225,0.523339309692382,1.90550132751465,0.270752944946288,0.0313024902343741,3.61318878173828,0.521267852783204
2023,2016,7,1,1.63881271362305,1.68124038696289,1.6332209777832,2.2947486114502,0.929945297241211,1.2986205291748,2.84386604309082,1.13289482116699
2023,2016,8,1,3.56100074768067,0.947357254028319,0.166995925903322,1.48551376342773,0.50877960205078,0.0610179138183611,4.78832237243653,0.412612838745119
2027,2005,6,1,2.79760681152344,0.430822982788087,0.920744552612305,0.241127624511719,1.74698005676269,1.34527908325195,4.03058372497559,0.50433479309082
2027,2005,8,1,7.23920166015625,1.40933143615723,2.91657173156738,0.391898269653321,1.16341888427734,3.20649444580078,8.46171295166016,3.27811920166016
2027,2006,6,1,1.05794746398926,1.06016700744629,2.26949150085449,0.0665242004394528,1.78247100830078,1.21403343200684,1.66499931335449,0.487905197143554
2027,2006,7,1,5.82067573547363,1.07534111022949,2.19275749206543,0.815817718505858,1.34131896972656,3.51686370849609,7.03175437927246,2.13600814819336
2027,2006,8,1,7.61240173339844,1.02528358459472,3.64280296325683,0.712053070068357,0.517411956787107,2.56009460449219,8.82575584411621,3.49457336425781
2027,2007,7,1,2.02529541015625,3.16906150817871,1.7571085357666,3.59479507446289,1.19470771789551,1.86452850341797,3.23277679443359,1.51530822753906
2027,2007,8,1,4.0386752319336,1.73302467346191,0.197300033569334,2.13268287658691,1.37767227172851,0.458642883300783,5.26281349182129,0.136899871826174
2027,2008,6,1,1.39431182861328,0.358085708618162,0.217372970581053,0.378326339721681,1.44305221557617,2.27220718383789,2.40272323608399,0.606624526977541
2027,2008,7,1,4.76979454040528,0.7373543548584,0.700086669921877,0.0899447631835919,2.14231498718262,2.4743099975586,5.95408256530762,1.78857048034668
2027,2008,8,1,5.25337539672852,0.597577438354492,1.68157897949219,0.454505310058593,0.896172866821288,2.32872138977051,6.4681428527832,2.05817352294922
2027,2009,6,1,1.12893196105957,0.565161743164065,0.335198440551761,2.04331680297851,1.47067352294922,2.80768295288086,2.28667922973633,0.748818359374997
2027,2009,7,1,2.950791015625,0.330498352050782,1.10486473083496,0.535814895629883,0.890488281250001,2.00328887939453,4.23844207763672,0.991573944091797
2027,2009,8,1,4.0236947631836,0.439831008911131,0.117606887817384,1.07888435363769,0.183814773559572,0.417649993896486,5.26040054321289,0.653188476562502
2027,2010,6,1,3.51760803222657,0.651600494384763,0.361855163574216,0.913063659667966,4.85206924438477,2.1078256225586,4.69392333984375,1.37671218872071
2027,2010,7,1,6.7987589263916,1.40807670593261,2.68088859558105,0.547673645019529,3.81441444396972,2.21059364318847,7.99715370178222,4.07641357421875
2027,2011,7,1,5.33905609130859,0.439991073608397,1.39315994262695,0.253492279052736,2.49962432861328,1.97547157287597,6.53511627197265,2.10746391296387
2027,2012,7,1,7.69338150024414,1.91353149414063,3.33262176513672,0.745429229736331,3.51147193908692,3.71959609985352,8.89931030273438,3.7986557006836
2027,2012,8,1,4.99703330993652,1.14495964050293,1.49966163635254,0.376277160644531,1.31307716369629,2.82235260009766,6.29177780151367,2.13601608276367
2027,2013,7,1,6.68790466308594,1.20688087463379,2.77506477355957,0.353035278320313,2.93859321594238,3.41918975830078,7.90257484436035,2.84176666259766
2027,2013,8,1,3.08069869995117,1.20870658874512,2.78487464904785,0.376631469726561,0.244464187622071,2.12399169921875,4.71222183227539,1.46044418334961
2027,2014,6,1,0.374589080810548,0.571763153076173,0.152840499877929,0.938893432617188,2.14209281921387,1.95282852172852,1.47054206848145,0.681935424804688
2027,2014,7,1,5.37017761230469,0.576917037963867,1.73116813659668,0.396750793457031,3.20941291809082,2.42983184814453,6.56896530151367,1.95523391723633
2027,2014,8,1,5.67780303955078,1.94300842285156,3.79848289489746,1.81948471069336,1.67930030822754,3.29646110534668,7.14953804016113,3.15044403076172
2027,2015,6,1,3.88796485900879,0.437452926635743,1.7241236114502,0.86359848022461,0.371714248657227,3.80133499145508,5.0240389251709,2.10559143066406
2027,2015,7,1,3.8610514831543,0.352180404663084,1.97463409423828,0.145835800170897,1.82734100341797,2.3271044921875,5.46464340209961,1.16316024780273
2027,2016,7,1,4.5081120300293,0.438444213867186,0.65778739929199,0.0292033386230486,1.45034606933594,2.17918212890625,5.71643455505371,1.38651092529297
2027,2016,8,1,6.19106346130371,1.37938171386719,2.33898216247559,0.831459579467776,1.83058219909668,3.1928125,7.42519432067871,2.81602149963379
2030,2005,6,1,0.886460189819335,2.03314125061035,2.92653953552246,1.78829872131348,2.00917518615723,1.22231399536133,2.08586013793945,2.356083984375
2030,2005,8,1,5.36367866516113,0.063550262451173,1.02481338500976,0.799346237182618,0.227068634033202,0.35067108154297,6.56242248535156,0.595105438232423
2030,2006,6,1,0.0797573089599624,3.10444297790527,0.311927413940431,2.01027336120605,0.232752227783202,2.87030830383301,0.345913314819335,3.1623233795166
2030,2006,7,1,2.60935089111328,1.36731842041016,1.58192184448242,1.58771255493164,0.416598587036134,0.64840057373047,3.69895622253418,2.50512054443359
2030,2006,8,1,4.96010551452637,1.03276100158691,0.941894149780275,1.70822372436523,0.0589767456054702,2.0706657409668,6.16293106079102,1.97220840454101
2030,2007,7,1,2.77312004089356,2.04725730895996,0.630186920166015,1.821650390625,0.173699264526366,2.03621566772461,3.97268783569336,2.26029479980469
2030,2007,8,1,3.14985679626465,2.30528045654297,1.09969879150391,1.97174240112305,1.66369033813477,1.03262878417969,4.34795211791992,2.7125146484375
2030,2008,6,1,0.539683685302734,2.12933288574219,3.74046836853027,1.41013084411621,0.774983062744141,0.753020629882812,0.198366775512696,0.852408752441406
2030,2008,7,1,2.87460258483886,0.98006889343262,1.40637657165528,0.593691558837893,0.496897964477537,0.629856796264651,3.93729141235351,0.165965347290037
2030,2008,8,1,3.44949172973633,0.804382095336916,0.385406265258791,0.175138244628908,0.814162979125978,0.171571502685548,4.60971092224121,0.323796997070314
2030,2009,6,1,0.409764785766605,2.00190116882325,0.266229171752933,0.2893147277832,0.490249176025394,0.862247924804684,0.515842895507809,0.401946563720706
2030,2009,7,1,0.980990371704102,1.76894096374512,0.36085792541504,1.01139167785644,0.885994949340819,0.0241479492187509,2.3108186340332,1.60543731689453
2030,2009,8,1,1.36549201965332,3.08833106994629,2.86568626403809,2.81420501708984,2.19761833190918,2.5420378112793,2.56381622314453,3.33736785888672
2030,2010,6,1,1.50873306274414,2.76229927062988,2.36621543884277,1.9678084564209,2.86944320678711,1.06154891967773,2.62210777282715,1.42706939697266
2030,2010,7,1,4.22504875183105,0.877177505493165,0.288031311035155,1.29791000366211,1.37038871765137,0.673001556396486,5.40683242797851,0.695896835327147
2030,2010,8,1,1.92559707641601,1.783818359375,1.65042411804199,1.44769203186035,1.76973258972168,0.928229446411134,3.05754554748535,2.07220184326172
2030,2011,6,1,3.49327812194824,1.69389381408691,0.398060226440428,1.55159225463867,4.70401153564453,0.511280441284178,4.66530952453613,0.517996215820311
2030,2011,7,1,3.85459701538086,0.836944656372072,0.0244122314453143,0.800279693603517,1.34677307128906,0.113409118652346,5.01047508239746,0.0780200195312482
2030,2011,8,2,3.75502364432017,0.209779865279081,2.66349917846284,1.46460287748426,0.446561679904512,1.6202587667457,4.89340613390168,0.814380281523242
2030,2012,6,1,2.93603397369385,0.976795425415041,4.37156749725342,0.0161325836181661,1.77377868652344,0.108403930664061,0.704353103637693,0.116754302978514
2030,2012,7,1,5.00279769897461,0.189644241333006,0.655322647094728,1.36492767333984,0.751645660400392,0.875685119628905,6.17554435729981,0.605527496337892
2030,2012,8,1,5.50189193725586,0.106905136108399,1.54211219787598,0.0571363830566405,0.0548227691650389,1.78784164428711,6.69599327087402,0.0629270935058592
2030,2013,6,1,1.90922523498535,2.66261505126953,1.15064453125,0.962152709960939,0.457428207397463,1.3291056060791,2.92107368469238,0.970461120605471
2030,2013,7,1,3.77110015869141,1.7306965637207,0.109191055297853,1.68313301086426,0.650992279052733,2.26653564453125,4.96411430358887,2.51911056518555
2030,2013,8,1,0.250123596191408,1.48342170715332,2.0875991821289,2.25769271850586,2.52952995300293,2.28885498046875,1.86360321044922,2.23132553100586
2030,2014,6,1,1.43718353271484,1.26360717773438,3.17857566833496,1.62878623962402,0.429353561401367,0.44375244140625,0.783836517333985,1.91860595703125
2030,2014,7,1,2.65285919189453,2.22374870300293,1.07134201049805,1.60927154541016,0.688120346069336,1.23372604370117,3.81954429626465,2.39057113647461
2030,2014,8,2,2.02859455353225,1.56850654905163,1.41227157132341,1.03602575026482,1.63846367705718,0.684841457590952,3.23851027775567,1.3641987759222
2030,2015,6,1,2.25477401733398,1.37631042480469,0.0774765777587909,0.00993148803710753,0.805581970214842,1.22517211914063,3.15766326904297,0.194408493041994
2030,2015,7,1,0.325820007324218,3.6462850189209,0.827574691772462,2.9614533996582,1.70714088439941,1.9028596496582,1.93982032775879,3.59272094726563
2030,2015,8,1,3.91383407592773,0.786038894653323,0.120723266601566,0.629605789184573,0.0538878631591828,0.269262771606442,5.09943817138672,1.31014205932618
2030,2016,6,1,0.92965408325195,3.20666030883789,3.08234886169434,2.39386276245117,2.98399635314941,2.20220283508301,2.05551429748535,2.7989111328125
2030,2016,7,1,1.33956649780273,2.60955497741699,3.0019995880127,2.04869529724121,1.40730735778809,1.70211669921875,2.46411254882812,2.78280708312989
2030,2016,8,2,3.34023030804808,1.31043748622248,0.985641278110411,1.38558769165779,1.07814959762537,0.976385842100604,4.5359585432775,1.51217007771405
2031,2005,6,1,0.321313171386716,3.19991371154785,3.44249412536621,2.29087898254395,0.971684722900388,2.41711112976074,1.44705703735351,1.53869125366211
2031,2005,8,1,6.19180610656738,1.05450752258301,1.9512589263916,0.34288146972656,0.190757064819334,0.720164566040037,7.37671020507812,2.36400726318359
2031,2006,6,1,0.82929275512695,2.3392195892334,2.40484664916992,0.667384643554691,0.437267761230466,0.844979782104495,0.192619781494137,1.10118438720703
2031,2006,7,1,3.11655372619629,0.245499191284182,0.827881393432619,0.62936836242676,0.304495391845705,0.934757766723635,4.1526350402832,0.641584930419924
2031,2006,8,1,5.45397743225098,0.683242950439453,1.43757423400879,0.99905029296875,0.443736877441406,1.19033065795898,6.65097030639648,1.2766626739502
2031,2007,7,1,3.47041564941406,1.86475318908692,0.203796920776366,1.05060905456543,0.281244812011717,1.46266311645508,4.64389854431152,0.0216813659667956
2031,2007,8,1,3.62816711425781,1.63279251098633,0.595994033813476,1.1580419921875,1.47461608886719,1.73175910949707,4.81015678405762,0.0243978881835929
2031,2008,6,1,0.0168514251708984,2.04503440856934,2.21354293823242,0.370262145996094,0.615644454956055,0.593235015869141,0.528833389282227,0.0796070098876953
2031,2008,7,1,2.99985565185547,0.757418975830078,1.11767707824707,0.394442901611328,0.365542068481446,0.491788253784179,4.03052963256836,0.870056762695313
2031,2008,8,1,2.80414207458496,1.38869659423828,0.786609573364256,0.743120117187498,1.6652507019043,1.29997817993164,3.94183738708496,0.0679608154296893
2031,2009,6,1,0.722558593750001,2.57722816467285,1.03929481506348,0.364168548583983,1.1654296875,0.169372177124025,0.0911449432373033,0.24223098754883
2031,2009,7,1,1.17455993652344,1.72400917053223,0.289372787475585,0.468464508056641,0.977863922119141,0.709770812988282,2.33952651977539,0.0525582885742182
2031,2009,8,1,1.82836280822754,2.47634185791016,2.15712989807129,2.13873924255371,1.8866983795166,2.86111511230469,2.99933563232422,1.05006278991699
2031,2010,6,1,1.63946807861328,2.93831169128418,2.2266780090332,1.78290092468261,2.71002662658692,1.34942352294922,2.71896827697754,0.426091308593747
2031,2010,7,1,4.87576316833496,0.686101684570314,0.906940689086912,0.567554244995119,1.75196479797363,0.74768997192383,6.04897712707519,2.44936584472656
2031,2011,7,1,3.57592475891114,1.49164115905761,0.204041595458982,0.846446151733396,0.765925292968753,1.06873809814453,4.71439445495606,0.917286758422854
2031,2012,7,1,5.95417694091797,1.0110521697998,1.61386589050293,0.425618133544923,1.54704765319824,0.93456558227539,7.11294082641601,2.40505508422851
2031,2013,7,1,4.50984153747559,1.08763542175293,0.765853500366212,0.626272583007811,0.229510879516603,0.821443939208983,5.68839988708496,0.109986877441408
2031,2013,8,1,0.121678085327147,1.36696174621582,0.881364135742189,2.0902912902832,2.79710891723633,2.11722114562988,1.57826873779297,1.03616836547852
2031,2014,6,1,0.700747146606442,0.641155853271481,1.83295883178711,0.2664533996582,0.545771942138675,0.313587799072263,0.398222579956052,0.166945114135739
2031,2014,7,1,3.36580627441406,1.88939888000488,0.215349502563477,0.734115905761719,1.06001823425293,1.02701599121094,4.51449935913086,0.0596882629394528
2031,2014,8,1,2.54647972106934,1.41237113952637,1.80986549377441,0.387659530639649,1.39773414611816,0.956749420166016,3.92950393676758,0.641793746948242
2031,2015,6,1,3.63035232543945,0.0679286193847659,1.58508522033691,1.74035102844238,0.234663314819336,1.50768692016602,4.35294563293457,2.42895156860352
2031,2015,7,1,2.25971908569336,1.79687194824219,0.753823471069335,0.872605133056641,0.0176704406738288,0.740860748291016,3.70848388671875,0.268219757080079
2031,2016,7,1,2.4704231262207,1.45698127746582,1.64878616333008,0.522391891479494,0.459695434570314,1.50139770507813,3.55787696838379,0.0904735565185533
2031,2016,8,2,6.70106913889912,3.33165984509635,3.33216506063955,3.54090531517648,2.91301775775402,3.11633628875221,7.78846936428952,4.2396277444518
2033,2005,6,1,0.375486068725586,2.81923133850098,3.34267456054688,2.83818466186523,1.68113105773926,1.0141089630127,1.64242713928223,1.67661315917969
2033,2005,8,1,5.76199699401855,0.971288909912111,1.52117134094238,0.772901763916018,0.23384117126465,1.20569778442383,6.98847557067871,1.76744819641113
2033,2006,6,1,0.144450454711912,2.75380966186524,2.17085388183594,1.49668952941895,0.741072921752927,1.2655551147461,0.288321762084959,1.76356002807617
2033,2006,7,1,3.36815078735351,1.61858360290528,0.267009658813478,1.58558456420899,0.00143440246581861,0.49979202270508,4.54815490722656,0.702886505126955
2033,2006,8,1,5.19241317749024,1.6305638885498,1.17403396606446,1.84491744995117,0.3398893737793,0.738903198242184,6.40489753723145,1.05104431152344
2033,2007,7,1,2.83297439575195,2.89311317443848,0.434052505493163,2.27969459533691,0.0108975982666024,1.71795562744141,4.05165191650391,0.760199584960937
2033,2007,8,1,4.16493240356445,2.39793190002442,0.0850637817382847,1.5342253112793,0.813966598510746,0.172794189453128,5.38940826416015,0.277750167846676
2033,2008,6,1,0.696637115478516,3.03709693908691,2.45898719787598,1.69954200744629,0.605727157592774,1.02381797790527,0.241004028320312,1.00166030883789
2033,2008,7,1,1.86282073974609,3.12487113952637,2.31152046203613,2.07742202758789,0.346352462768554,1.16454780578613,3.02494918823242,0.844839935302733
2033,2008,8,1,2.28050910949707,3.25153434753418,1.16224182128906,1.7880638885498,1.81860626220703,1.35434997558594,3.49278556823731,0.825816040039062
2033,2009,6,1,1.50060157775879,3.60730628967285,0.428267288208009,0.923767852783204,1.12914161682129,0.739826965332032,0.317158508300782,1.4005973815918
2033,2009,7,1,0.363052825927735,3.25725891113281,0.481183547973632,1.74671890258789,1.3074584197998,1.44370414733887,1.75707672119141,1.32847549438477
2033,2009,8,1,1.91250991821289,3.54551124572754,2.18670845031738,2.81777572631836,1.34557151794434,1.96320915222168,3.15170288085938,1.39017868041992
2033,2010,6,1,2.22860412597656,2.5900089263916,1.6083080291748,1.77829284667969,3.63196830749512,1.18664474487305,3.3942497253418,0.331116485595704
2033,2010,7,1,4.34345672607422,1.44064094543457,0.351675491333005,1.49042846679688,1.44106338500976,1.35196258544922,5.54214523315429,1.3945393371582
2033,2010,8,1,2.46215461730957,2.26986671447754,0.690830001831056,1.24574447631836,1.26196266174317,0.78135467529297,3.6625959777832,0.336641082763673
2033,2011,6,1,4.26088775634766,1.3787931060791,0.268339767456055,1.46463142395019,5.43659652709961,1.2817643737793,5.45579971313477,1.74916519165039
2033,2011,7,1,3.28506912231445,2.40026985168457,0.455203399658203,1.74614082336426,0.852276458740235,0.989478454589843,4.4799600982666,0.0856755828857416
2033,2011,8,2,4.74150742326056,0.427476296422755,2.46926389713878,1.85648518659577,1.38890244812395,2.03044933231615,5.88800001025425,2.1400160990021
2033,2012,6,1,2.27022621154785,1.12333419799805,5.38366386413574,0.0679328155517567,1.73096725463867,0.528933258056639,1.0438525390625,0.233792037963866
2033,2012,7,1,5.75508964538574,0.779124374389649,1.40938652038574,0.983323211669923,1.70474136352539,0.618128662109374,6.95840347290039,1.88385665893555
2033,2012,8,1,5.54424789428711,0.94100257873535,1.87087371826172,0.109928817749022,0.60090187072754,0.870686798095704,6.77968528747559,1.57192352294922
2033,2013,6,1,2.04377746582031,3.44705390930176,1.27095794677734,1.40924835205078,0.133993148803711,1.3733024597168,3.15880966186523,0.211383819580078
2033,2013,7,1,4.7192552947998,1.50995079040527,1.12528213500977,1.5346452331543,0.571760025024414,0.334419403076172,5.93888076782227,0.183612670898437
2033,2013,8,1,0.317107696533203,1.34818504333496,0.0163321685791011,2.72650573730469,1.50746391296387,1.36908195495606,2.13279678344727,1.29138229370117
2033,2014,6,1,0.578368530273437,0.735288009643554,1.15033088684082,0.649409637451171,1.6177774810791,0.212944641113282,0.421440734863282,0.358401641845703
2033,2014,7,1,4.49141082763672,1.19603385925293,1.06778297424317,0.259367370605467,2.54129943847656,0.134460067749025,5.69178161621094,1.02314147949219
2033,2014,8,2,2.78239701796312,1.42535048773984,5.38644796217092,0.844170152353643,1.61031986865745,1.77912153790912,3.99460659298524,0.599137205067236
2033,2015,6,1,3.1576033782959,0.624195938110351,1.33350288391113,0.144856567382813,1.82419883728027,1.95695388793945,4.16111289978027,1.58396255493164
2033,2015,7,1,2.79332572937012,1.89921157836914,1.27417213439941,1.10311096191406,1.03269798278809,0.177356414794922,4.5046752166748,0.121177368164062
2033,2015,8,1,4.4652465057373,1.3644654083252,0.603609390258789,0.640731506347656,0.551710433959961,0.55134994506836,5.68638259887695,1.08722717285156
2033,2016,6,1,3.08643928527832,1.57160743713379,0.98936637878418,0.918823089599609,5.24055114746094,1.15835586547852,4.2579175567627,0.835884246826172
2033,2016,7,1,2.69076416015625,2.41032722473145,1.49198844909668,1.12147262573242,0.0309188079833973,0.313109664916993,3.88654396057129,0.275195388793946
2033,2016,8,3,5.55137190534742,1.60676936816549,2.06507584116947,2.10644366145585,1.87713892025405,2.32068920016428,6.74636614640832,2.58246767201256
2034,2005,6,1,0.385173873901365,3.2969189453125,3.5640145111084,3.76416023254394,1.40323455810547,1.90736206054687,0.849473876953127,2.56380279541015
2034,2005,8,1,5.37985969543457,0.151809921264647,1.24618888854981,1.41209243774414,0.545046081542967,0.665307769775392,6.60339141845703,1.41785217285156
2034,2006,6,1,1.05673118591309,2.42551132202149,3.43745903015137,1.94343658447266,0.452101745605468,0.120900115966798,0.181458435058595,2.02584739685059
2034,2006,7,1,3.11221542358399,0.247861480712888,0.300800704956057,1.69412002563476,0.26135787963867,0.309215927124026,4.32963027954102,0.41098937988281
2034,2006,8,1,5.48265159606934,0.25293647766113,1.71479309082032,1.69583236694336,0.381587142944333,0.0474139404296849,6.69411933898926,1.3986996459961
2034,2007,7,1,2.85967658996582,1.69639945983887,0.254050979614259,2.85224510192871,0.03986000061035,1.16239143371582,4.07028984069824,0.599416503906252
2034,2007,8,1,3.55473487854004,1.63607437133789,0.469263381958008,2.59045059204102,1.54036933898926,0.806408233642578,4.77676742553711,0.277586288452149
2034,2008,6,1,1.16920509338379,2.5795482635498,1.1684154510498,2.22919311523437,0.53560104370117,0.57609405517578,0.131637954711913,1.6040901184082
2034,2008,7,1,2.16534133911133,1.337119140625,1.30247596740723,2.26152328491211,0.00165267944336023,0.661814727783202,3.34845634460449,0.757962265014648
2034,2008,8,1,2.680146484375,1.45595046997071,0.185351638793943,2.09226486206055,1.34273406982422,0.52674743652344,3.89632919311523,0.337776870727541
2034,2009,6,1,2.16837524414062,3.54036735534668,2.55036949157715,1.74956916809082,1.43124412536621,0.702406158447264,0.950542678833006,2.13900588989258
2034,2009,7,1,0.104537048339843,2.19506355285645,0.810095748901368,2.27246948242188,1.617470703125,0.912583312988282,1.50100425720215,1.50058837890625
2034,2009,8,1,1.62333534240723,2.15161277770996,1.43831588745117,3.41319229125977,1.84312774658203,1.74499084472656,2.86561058044434,1.59328605651855
2034,2010,6,1,1.4953938293457,2.21674339294434,1.81299964904785,3.03595916748047,3.0115185546875,0.371354980468752,2.66852577209472,0.478725357055666
2034,2010,7,1,4.25152076721191,0.488213882446288,0.303290023803712,2.16129623413086,1.53596366882324,0.576428756713867,5.44928039550781,1.05942596435547
2034,2011,7,1,3.21646125793457,1.11269943237305,0.0955199432373028,2.28832809448242,0.831342773437502,0.576570434570311,4.41469009399414,0.159158630371092
2034,2012,7,1,5.76069511413574,0.539896621704102,1.50942863464356,1.05073486328125,2.01555122375488,1.05264533996582,6.9643350982666,1.95816101074219
2034,2013,7,1,3.37087249755859,1.32893562316895,0.132322311401367,2.87118148803711,0.585180282592773,0.575675964355469,4.5908031463623,0.488218307495117
2034,2013,8,1,0.86986228942871,1.7492911529541,1.43838050842285,2.9486262512207,3.39834854125976,0.988642425537108,0.979090957641603,2.12950584411621
2034,2014,6,1,2.24434913635254,1.75199760437012,1.07911552429199,1.86182083129883,0.0911477661132807,0.0687490844726568,0.985552444458008,1.55676712036133
2034,2014,7,1,2.4745329284668,1.78041854858398,0.287878189086914,2.7410661315918,0.565931167602539,0.762855682373047,3.67687591552734,0.814607772827149
2034,2014,8,1,2.21110656738281,1.07745429992676,1.57393577575683,1.71748611450196,1.32841751098633,0.0304743957519555,3.74264266967773,0.0979563903808618
2034,2015,6,1,2.61610961914063,0.477289428710936,0.489843139648439,0.14357208251953,0.289665451049803,1.75201393127442,3.74577117919922,0.660062561035158
2034,2015,7,1,1.42561386108398,1.64654685974121,0.0175671386718719,2.41076232910157,0.47174598693848,0.2075114440918,3.07284400939941,1.06704093933106
2034,2016,7,1,2.0526326751709,1.44011940002441,1.1463533782959,2.21536125183105,0.702725067138669,0.900189056396481,3.2605355834961,0.846968307495114
2034,2016,8,1,4.14934326171875,0.224195709228518,0.966848144531248,1.24840759277344,0.0260865783691386,0.691552886962889,5.38413024902344,0.924632797241209
2035,2016,8,1,8.45502403259277,4.2950203704834,6.79492118835449,4.67331436157227,4.63384750366211,6.278779296875,9.70850875854492,5.81290939331055
2036,2005,6,2,1.70720513990454,0.982742688742021,1.03891616539422,2.06405993093485,2.66450012174597,1.4389556078486,2.9319401365171,1.6470788818735
2036,2005,8,2,4.59571636252073,1.84465589868803,0.913145782953595,1.8187566056313,2.11280303844578,1.37421995967086,5.58105779140569,1.57803296530929
2036,2006,6,2,2.3975232172283,1.40141413588332,3.02729843052754,0.760001701209999,1.22375742530849,1.63242691016273,0.946187483977215,1.43398074619596
2036,2006,7,2,5.90352893944203,1.07024151177589,1.01215636551206,1.06279158046911,1.13792262401647,0.579226837428992,3.92103275397957,1.30371278179612
2036,2006,8,2,5.03044732664948,1.57594983013733,2.45365047532563,2.31732023396818,2.86321851298795,1.53367737880347,6.24707122624332,2.11768628493556
2036,2007,7,1,1.55524787902832,2.46430625915527,0.820965194702147,3.50945892333984,1.75416603088379,2.17907180786133,2.9625602722168,3.21027793884277
2036,2007,8,1,3.8755859375,0.781215286254884,0.956428909301756,1.35185012817383,1.10120544433594,1.37848892211914,5.15262832641601,1.3560043334961
2036,2008,6,1,0.29973556518555,1.83996536254883,2.48294212341309,1.82644989013672,1.52588035583496,0.633777160644534,0.149167556762698,1.45332290649414
2036,2008,7,1,1.63487434387207,1.56572532653809,1.8184928894043,1.66839408874512,1.5379638671875,0.706066131591797,2.65433120727539,1.54497528076172
2036,2008,8,1,1.33545219421386,2.09793746948242,1.52528846740723,2.1517342376709,3.29458320617676,1.25674903869629,2.64104759216308,2.49598014831543
2036,2009,6,1,1.2739852142334,2.55885154724121,1.82859642028809,1.86854583740234,2.03203422546387,0.834339447021485,0.596712417602539,1.35307723999023
2036,2009,7,1,0.155333862304687,1.57130302429199,2.34114707946777,1.76253570556641,3.00659622192383,1.17950500488281,1.44212089538574,1.73410095214844
2036,2009,8,1,1.88300445556641,1.35144874572754,1.42644187927246,2.29032012939453,2.14846870422363,0.971972198486327,3.26888206481934,1.82064888000488
2036,2010,6,1,1.36369689941406,1.91944328308106,1.06710639953614,2.38161674499512,2.52603897094726,0.660545501708988,2.5228498840332,1.71518531799317
2036,2010,7,1,3.10208480834961,1.02490837097168,0.685132675170898,2.67671806335449,0.0613991546630857,1.01922256469727,4.38104217529297,1.20873291015625
2036,2010,8,1,2.1289771270752,0.387651138305664,1.21161811828613,0.856389694213867,2.52673118591309,0.102615051269531,3.27377731323242,1.29719512939453
2036,2011,6,1,4.2075032043457,0.0703459930419932,1.85336196899414,1.47067367553711,4.92491233825683,1.63778579711914,5.41166389465332,0.547663574218749
2036,2011,7,1,2.08314231872559,1.70316215515137,0.568030319213868,2.55608459472656,0.917494735717774,1.214638671875,3.34588722229004,1.86958404541016
2036,2011,8,2,5.06366547365696,2.23509764774755,2.2357835720762,0.519963683075504,0.641641718363407,1.36877505206105,5.78865173435006,1.14546628139701
2036,2012,6,1,7.39125087738037,1.97858551025391,0.68053123474121,2.06102684020996,1.73766258239746,2.17300537109375,2.26300361633301,1.51281478881836
2036,2012,7,1,4.05173286437988,0.805639419555664,0.885957565307617,2.1326448059082,0.492868576049805,0.196014556884766,5.23081954956055,1.44264617919922
2036,2012,8,1,5.35610275268555,1.22403602600098,3.89595489501953,0.0405265808105462,0.431113052368165,1.02758483886719,6.6022632598877,0.0653656005859382
2036,2013,6,1,2.44917121887207,1.1409147644043,0.867948684692383,1.29895004272461,0.71542724609375,1.19075218200684,3.33390441894531,0.697975006103515
2036,2013,7,1,3.73374008178711,0.944507369995119,1.54610847473144,1.7275235748291,0.25852752685547,1.15284942626953,5.0123388671875,1.67847229003906
2036,2013,8,1,1.05017799377442,0.0947489166259778,2.50262313842773,1.39500099182129,3.18311553955078,1.30299812316894,2.37174171447754,1.19029861450195
2036,2014,6,1,1.26467403411865,0.117738876342774,4.0914022064209,0.565712127685547,0.459688339233399,0.476446304321289,0.444969329833985,1.0113011932373
2036,2014,7,1,2.36608894348145,1.55033485412597,0.079395217895506,1.98410980224609,0.248647766113283,0.491868896484373,3.65599067687988,1.7881640625
2036,2014,8,2,5.86246891686534,1.58223229870254,3.68870946613726,0.586877006427405,1.92519596418042,0.57896733334858,4.67221265864428,0.930255981103425
2036,2015,6,1,2.98165054321289,0.216025161743165,2.38875694274902,0.88858871459961,1.0585334777832,0.576601791381837,3.13861770629883,0.798937606811524
2036,2015,7,1,1.88454368591309,0.946202011108397,0.579146652221681,1.26215240478516,0.229880065917968,0.0216033172607411,3.78903511047363,0.430021972656249
2036,2015,8,1,4.27086494445801,0.458639602661133,1.2810311126709,0.0505795288085942,0.229940872192383,1.31335494995117,5.57483337402344,0.328238983154296
2036,2016,6,1,2.61945960998535,0.309751052856448,0.341684799194333,0.653073806762698,4.27410743713379,0.252170104980472,3.79025886535644,0.261048812866214
2036,2016,7,1,1.8700357055664,1.29090065002442,1.49259132385254,1.40430587768555,1.4268278503418,0.495255889892579,3.09752517700195,1.46828598022461
2036,2016,8,2,3.9293327569565,0.441910889090724,0.68658972762071,0.521665860391709,1.08824584928729,1.46259997735121,5.26069444304998,0.724042922840081
2037,2005,6,30,3.1724248629936,0.682735775840576,1.79262836052463,0.500765937776241,3.20487129273137,0.699272617820843,4.08464992621087,0.757453261784648
2037,2005,7,27,4.76804148983346,0.800377229650769,1.44579753548815,0.59575804957211,1.90636880271649,0.893714328310704,5.97328307501545,1.22943082811052
2037,2005,8,31,4.79382587404862,0.857472933748058,1.70746585016604,0.708873401088742,1.57583227101223,1.23485459953904,5.98853017923583,1.29709843565538
2037,2006,6,28,2.66550103314821,1.00412769112759,2.09175339222437,0.744319910866815,2.36950424203766,0.832987752504453,3.60306903819263,1.1199266300271
2037,2006,7,31,3.81898209353312,0.584165697533217,1.36432612436052,0.680706273221783,1.31530140409716,0.813468204739293,5.00418067467368,1.64181850568801
2037,2006,8,31,4.26559340349652,0.737824275570576,1.58648557708998,0.401139929221529,1.45973736894806,0.948223014211088,5.49040016276305,1.106644787422
2037,2007,6,30,1.94907643346746,0.764100495671867,1.82194558436005,0.462144877845336,2.35208202548419,0.700532831468484,2.93333943321355,1.5344847439783
2037,2007,7,31,3.30777630486214,0.638302742888873,1.95982417893148,0.463376471534145,1.26075445900277,0.97680326097406,4.54541376281657,1.3586237978367
2037,2007,8,31,4.02065664399511,0.560910051495281,1.93261259528475,0.374549027818861,0.960490795958531,0.874367726146286,5.2233629608248,0.954225123089635
2037,2008,6,27,3.25854770662707,0.863174755015399,1.65913644503814,0.497347867969072,3.57205572453228,0.494832370987605,4.30893459723261,0.759303981780537
2037,2008,7,31,4.37855501096783,0.832518891751146,1.62795268554937,0.631790030697082,1.9192310960082,0.709658677881506,5.56945776296205,0.975665362509448
2037,2008,8,31,2.89664630704142,0.619263114836694,1.30468273696251,0.349095046479962,0.771515945425781,0.744558858331823,4.32253440223681,0.850620469858696
2037,2009,6,28,1.52118767985421,0.631803883438934,2.82039743369056,0.472484240050888,1.56989582825048,0.709906786853618,1.75486122316598,0.969336506800713
2037,2009,7,31,2.24758383390134,0.707402316739409,2.13701544854441,0.471076259469987,0.912620341352495,0.779550992780296,3.78686224230055,0.890896205742263
2037,2009,8,31,3.00444432567596,0.956889982993247,2.00828291744724,0.56621975677636,1.10063671613113,0.677340223082516,4.36093804393852,1.33458981159071
2037,2010,6,30,3.61946316712284,0.725781850708613,1.45014405177201,0.426449746719084,3.76118597048593,0.788295860911916,4.70087862931673,1.09995522748911
2037,2010,7,31,5.14429209112923,0.967047657234331,2.04414262300255,0.676544637852877,2.47270382262934,1.02768263637705,6.31048085269693,1.14229611721532
2037,2010,8,31,4.18332003096478,0.738591301488141,1.67843213244729,0.466831890691319,1.28379619201823,0.873356589542088,5.46427433652136,1.07568152859858
2037,2011,6,30,2.60353029444209,0.629827096194371,1.34187638788966,0.471955201950713,3.13947369421949,0.662789355644389,3.66447658471645,1.45074194843126
2037,2011,7,31,5.9100209816661,1.25479381622076,2.4847670745024,0.812034119210634,2.89072811769292,0.963374178181152,7.08162343358693,1.07148212801569
2037,2011,8,31,4.16944914248921,1.10533985582889,3.32349727423366,0.856653218049295,1.30528941718537,0.992997901449131,5.09019642394693,1.13350727656093
2037,2012,6,30,2.95073774209225,0.81807797044841,2.27523966665722,0.395203412637522,2.66361943447158,0.687108371995727,3.76332006715593,0.986327174219602
2037,2012,7,31,5.72079590640506,0.98519124657939,2.25914239213277,0.555226458570981,2.82415597035453,0.901287218782092,6.9033702518162,0.800783407444967
2037,2012,8,31,4.51781475613179,0.508372696828209,1.51967571816737,0.309670829170148,1.14699749245335,0.618258227070349,5.78391059904896,0.557395325882872
2037,2013,6,30,2.49116069205937,0.816085214882171,3.07476892333009,0.721316156022371,2.48562388273961,0.584073409022945,2.89310469939574,0.77977911836137
2037,2013,7,31,3.71944873529702,0.707319645687272,1.75217749677631,0.592900561050455,1.75560313000965,0.818122418738525,4.92442356966541,0.966698350016736
2037,2013,8,31,1.61089663788932,0.602736674827009,3.0595556162362,0.707983022738958,1.10472841063694,0.967706616393628,3.36375214395606,0.986257939509835
2037,2014,6,30,1.47302009145855,0.626599183670496,1.68203605531709,0.412792297877993,2.09333340920569,0.54202987281985,2.42057720233395,1.18646520569601
2037,2014,7,31,3.2413114740037,0.631436060191165,1.9088076083882,0.326813779732801,1.46268033461114,0.712614312362383,4.50822816371646,1.23057100052229
2037,2014,8,31,1.97164113125998,0.663821208808755,1.74207676499849,0.528547374481272,0.864869287515923,0.988660872461193,3.74946554312374,1.23473602804349
2037,2015,6,30,3.28027120403286,0.969646548549179,2.50203315298887,0.657879096244632,3.14813288975969,0.567704989790975,4.06803657101119,1.04893846796081
2037,2015,7,31,3.83357389443466,1.02262521909603,2.3518623029904,0.734293432483235,1.85047891010371,0.430892989222806,5.14190881027306,0.485668237423132
2037,2015,8,31,3.83302325578899,0.73734083793164,1.3389948517039,0.417645588130819,1.09470952101544,0.455450826688276,5.12504972317233,0.805057756446873
2037,2016,6,27,2.71728755141167,1.06619955015521,1.86013213232114,0.752788100216314,3.12940081922471,0.686431608862148,3.76968039347983,0.818231627801025
2037,2016,7,30,5.08093382781211,0.784656427924812,2.11592589662634,0.58666012729873,2.14267122556984,0.972115272299589,6.27618260660596,0.865997665383302
2037,2016,8,31,5.64347313505633,1.1064242162847,2.26759807999811,0.774552032355305,1.87416407063472,0.535046876491649,6.84540362118417,0.648254666727322
2040,2016,7,1,8.72066436767578,2.8923486328125,5.10788856506348,1.84583602905273,2.3371728515625,3.03888069152832,9.95096336364746,4.56408058166504
2040,2016,8,2,8.54882589290186,3.08465471267019,4.49505181199403,1.90451227457748,4.15612830403549,3.34212548254308,9.79402053173482,4.5325680184638
2044,2005,6,1,0.756986465454101,0.981104049682617,2.81501594543457,1.18563095092773,2.83383735656738,0.355182800292969,2.06957992553711,1.82702270507813
2044,2005,8,1,5.73436080932617,0.055363769531251,1.57034217834473,0.848509674072265,1.38688003540039,0.686751251220702,6.96328079223633,0.885485534667968
2044,2006,6,1,0.237033843994141,0.905542373657227,2.33823108673096,1.25290298461914,1.50670051574707,0.821271896362305,0.389860153198242,2.59616088867188
2044,2006,7,1,2.00727630615235,0.0829946899414047,1.38351463317871,1.02651809692383,0.393692245483397,0.109308013916017,3.24236465454102,3.00993560791015
2044,2006,8,1,4.60920120239258,1.50766777038574,0.841289291381834,1.98949264526367,0.561538467407225,2.11240600585938,5.82625175476074,2.42860244750977
2044,2007,7,1,2.42497497558594,1.12187141418457,0.225592193603514,1.09106201171875,0.659424362182616,0.668635787963868,3.69922882080078,3.22471946716309
2044,2007,8,1,3.55022804260254,1.81249626159668,0.53846366882324,1.82046516418457,1.0718041229248,1.22233016967773,4.78394309997559,2.65501220703125
2044,2008,6,1,1.36018997192383,0.788574752807619,1.83445030212403,1.66469436645508,1.20697540283203,0.994482574462893,0.153238830566409,1.76315933227539
2044,2008,7,1,1.84165084838867,1.36472618103027,1.88991653442383,1.76606857299805,0.443964843749999,1.53036987304688,3.04348838806152,2.71994506835938
2044,2008,8,1,2.52817047119141,1.91557991027832,0.0993529510498021,1.67449104309082,0.982163543701169,1.42692672729492,3.75569808959961,2.5766650390625
2044,2009,6,1,2.58675682067871,2.07876121520996,0.249913330078122,1.1304866027832,2.12322151184082,1.03283798217773,1.16016876220703,2.74287712097168
2044,2009,7,1,1.77067276000977,1.05844779968262,2.63011260986328,0.45431610107422,0.896590194702149,0.799271545410157,3.50318046569824,0.134444274902343
2044,2009,8,1,1.46120887756348,1.03049987792969,2.13366645812988,2.07672256469727,1.14614814758301,1.60829872131348,2.74045043945312,3.1143278503418
2044,2010,6,1,0.612660369873048,2.72289756774902,2.88102439880371,2.80237487792969,2.61081596374512,1.49011138916016,1.80436225891113,3.37377075195312
2044,2010,7,1,3.69837745666504,1.63323799133301,0.167818222045899,2.14066711425781,1.36155113220215,2.20306793212891,4.90199264526367,2.3628751373291
2044,2011,7,1,4.79502883911133,0.360899124145508,1.46185699462891,0.00421539306640639,2.93058601379395,0.168302688598633,6.00329986572266,0.814075317382812
2044,2012,7,1,5.3286466217041,0.733483352661136,1.06801124572754,1.31242660522461,1.94862648010254,0.847209014892581,6.53570075988769,1.14233116149903
2044,2013,7,1,3.75009429931641,0.270522232055665,0.559883956909179,0.89819061279297,0.342350845336913,0.563170318603515,4.9831322479248,1.33344375610352
2044,2013,8,1,0.00440055847167997,0.298710174560547,0.503176040649414,1.2245442199707,1.70359199523926,0.79856460571289,1.99560577392578,2.0181462097168
2044,2014,6,1,2.21353477478027,0.0364232635498034,0.772151412963868,0.854863586425783,0.727446136474608,0.507012786865236,0.640328826904298,1.68535369873047
2044,2014,7,1,2.65717628479004,1.20749351501465,0.249827117919924,1.09640762329102,1.33816841125488,0.529974670410159,3.87550476074219,2.41445610046387
2044,2014,8,1,1.43985893249512,1.41234062194824,1.79030754089355,1.49402282714844,1.5191902923584,1.08739326477051,3.1347403717041,2.4720654296875
2044,2015,6,1,2.90814071655274,0.502491531372073,0.988789138793948,0.332569656372073,1.38870483398438,1.27978569030762,4.05239349365235,0.694823684692381
2044,2015,7,1,2.01227409362793,0.361386947631836,1.48139030456543,0.364627532958984,0.819019622802735,0.307030029296875,3.83941299438477,1.28250854492187
2044,2016,7,1,1.80808410644531,1.39729537963867,2.04556312561035,1.62904205322265,0.218418502807616,1.67773475646973,3.0333724975586,2.57792510986328
2044,2016,8,1,4.18214134216309,0.636158905029298,0.593752899169921,0.758397064208985,0.387864151000976,0.159951171875001,5.4263468170166,1.05178161621094
2046,2005,6,1,1.65556259155274,0.405329895019534,1.29352836608886,0.0539710998535128,3.46803207397461,0.631798934936526,2.78038330078125,0.889121246337893
2046,2005,8,1,7.67615867614746,3.79983879089355,3.78373695373535,2.00733352661133,3.19171691894531,1.33164001464844,8.85490203857422,1.92574478149414
2046,2006,6,1,4.42115840911865,0.0794605255126939,5.77877769470215,0.898282623291017,0.965711212158205,1.40777168273926,1.36564407348633,0.210874176025392
2046,2006,7,1,3.2589739227295,1.30473121643067,0.260454025268558,0.634500350952152,0.391670074462894,1.22640213012696,4.21796592712403,0.149051513671878
2046,2006,8,1,6.41207496643067,2.47990028381348,3.04329292297363,1.05334655761719,2.24411575317383,0.529440002441405,7.61230079650879,0.401639862060549
2046,2007,6,27,3.08803133442886,1.5362907136514,2.76125935523189,1.20316433437573,2.61709099965145,1.58456287330843,3.629207264833,1.17449316306118
2046,2007,7,31,4.52338459364142,2.03984127772119,3.55866917132817,1.35523394884654,1.68926557123226,1.11316364399539,5.4024060385482,1.16602057717699
2046,2007,8,31,5.17887962964495,2.33593886106127,3.45848865461279,1.36260608981878,1.57343469217657,0.934547145882388,6.05726221490049,1.44455682751788
2046,2008,6,30,4.23005788022123,2.13761881376461,3.06982686932404,1.7817361864992,4.06967459684211,1.7924771681695,5.09895703035645,2.09889430718286
2046,2008,7,31,5.57968612758225,2.68232783504482,3.34589983725357,2.09746669934476,2.61677566058064,1.388384576991,6.65186547903768,1.59091744539528
2046,2008,8,31,4.13202257337825,2.04972380416267,3.23755250620528,1.22312099537827,1.06129130946796,1.00801618185079,5.22738566522029,1.42575592486885
2046,2009,6,30,3.30577366283384,0.919717666380898,3.44978078107699,0.908708685380547,1.74131568420765,1.40662340694169,2.39227942901156,1.31845123078505
2046,2009,7,31,3.58498182269793,1.90652475292652,3.95118515463729,1.21348047464852,1.25953628333039,1.52522134320039,4.61365113417939,1.95875031893387
2046,2009,8,31,3.87459887076703,2.02169689994809,3.52458073007208,1.18922481208373,1.0177250571431,1.16274090327414,5.0327927246475,1.06462596504152
2046,2010,6,30,4.67128304679123,1.9552261821523,2.35703467352972,1.73693662985148,4.37982182734998,1.39112540233147,5.615629638462,1.56682107162545
2046,2010,7,31,6.21037106569005,3.02256555022564,3.519794914298,2.23837093490434,3.07250721740346,1.44635538201531,7.26800143534142,1.50986116853574
2046,2010,8,31,5.23810999706082,2.48572210881264,3.39130060112107,1.47022495642473,1.68732827973327,1.08848172860753,6.36857111771656,1.27722456405992
2046,2011,6,29,3.5187067150315,1.5963686324295,2.23395320001975,1.35244308181905,3.49420192292989,1.50818808556972,4.40724932510104,1.28358810943371
2046,2011,7,31,6.9216621826213,3.15152365419728,3.79112275569375,2.50681342406073,3.55050008774349,1.47287119076225,8.03706689662296,1.90901417432547
2046,2011,8,31,5.2165717917706,2.4205367320691,4.86182338780982,1.73255086409557,1.72630720280356,1.54699747231049,5.69859618289165,1.37084111715107
2046,2012,6,29,4.55472567866781,1.70771911065551,3.73445534501999,1.83800756740676,3.12563960895118,1.71095701435432,4.56996524811992,1.62840289902707
2046,2012,7,30,6.81075852565864,2.74104207485077,3.60970405344222,2.26875178386967,3.58735758859972,1.39946373568051,7.89397918494325,1.67643041101696
2046,2012,8,29,5.46797879702352,2.56570956932448,3.19351446125947,1.65394258947963,1.61282158979869,1.02558385909462,6.58731599789886,1.63782346583824
2046,2013,6,29,3.58330181286448,1.33662380095014,3.40198584102694,1.78498013705781,2.68550896426462,1.99262211121435,3.40998631963736,1.43030532216044
2046,2013,7,31,4.62904946092279,2.37876442720129,2.86087338585145,1.47060306429927,2.15689844876531,1.04545960895201,5.68407291731092,1.28949374142222
2046,2013,8,31,2.75853913087228,1.08711073121102,3.92367577436869,0.547556019422085,0.925397649398918,0.422382029481644,3.67458739268815,0.945164292632605
2046,2014,6,30,2.29837745932238,1.1609108494554,2.14904063300829,0.890375097099782,2.17835002426327,1.62502128509536,2.98468900855022,1.20738559473399
2046,2014,7,31,4.27596964275506,2.10264486270538,3.32761002572366,1.30308323499898,1.88067770000735,1.01775003070567,5.31418868967638,1.27316855311189
2046,2014,8,31,3.16124039419924,1.54828921009753,3.43951869898613,0.558969116744618,0.565900629841719,0.79369455991142,4.39899167781987,1.19459442214232
2046,2015,6,30,4.764972391365,2.03331317039019,3.39951018411624,1.96506330424447,3.36355343340242,1.9343810898753,4.69347717477758,1.59271814348638
2046,2015,7,31,4.8769451999145,2.68668179975673,3.96513416226596,2.0163503336235,2.23569532951745,1.82850177562279,5.88079573782565,2.1246877110781
2046,2015,8,31,4.84036216961694,2.50799400587076,3.20925330713316,1.46849900558264,1.5282694724276,1.19805447167759,5.98622211591358,1.7733280302789
2046,2016,6,30,4.0859863257313,2.03556102370185,2.99733272389201,1.94342020238975,3.63972397402446,2.11418183290416,4.63475536498282,2.40753244812119
2046,2016,7,31,6.1934348056893,2.82808542248187,3.72128752565659,2.25007802188801,2.81576300642492,1.40562475584587,7.22711589520256,1.84595413570826
2046,2016,8,31,6.74189300221627,3.38134290855101,3.9757388927786,2.27792807546088,2.75575432930848,1.73413781117231,7.85446822620315,2.182012913436
